date,product_type,demand
2023-01-01,Bag,91
2023-01-01,Belt,113
2023-01-01,Custom,138
2023-01-01,Jacket Leather,170
2023-01-01,Shoe Leather,169
2023-01-01,Wallet,122
2023-01-02,Bag,97
2023-01-02,Belt,132
2023-01-02,Custom,136
2023-01-02,Jacket Leather,183
2023-01-02,Shoe Leather,176
2023-01-02,Wallet,124
2023-01-03,Bag,101
2023-01-03,Belt,136
2023-01-03,Custom,151
2023-01-03,Jacket Leather,186
2023-01-03,Shoe Leather,168
2023-01-03,Wallet,130
2023-01-04,Bag,102
2023-01-04,Belt,147
2023-01-04,Custom,183
2023-01-04,Jacket Leather,187
2023-01-04,Shoe Leather,188
2023-01-04,Wallet,140
2023-01-05,Bag,114
2023-01-05,Belt,135
2023-01-05,Custom,160
2023-01-05,Jacket Leather,202
2023-01-05,Shoe Leather,182
2023-01-05,Wallet,133
2023-01-06,Bag,108
2023-01-06,Belt,138
2023-01-06,Custom,156
2023-01-06,Jacket Leather,207
2023-01-06,Shoe Leather,193
2023-01-06,Wallet,138
2023-01-07,Bag,121
2023-01-07,Belt,140
2023-01-07,Custom,170
2023-01-07,Jacket Leather,200
2023-01-07,Shoe Leather,183
2023-01-07,Wallet,157
2023-01-08,Bag,119
2023-01-08,Belt,137
2023-01-08,Custom,167
2023-01-08,Jacket Leather,215
2023-01-08,Shoe Leather,200
2023-01-08,Wallet,143
2023-01-09,Bag,118
2023-01-09,Belt,121
2023-01-09,Custom,167
2023-01-09,Jacket Leather,189
2023-01-09,Shoe Leather,191
2023-01-09,Wallet,142
2023-01-10,Bag,110
2023-01-10,Belt,156
2023-01-10,Custom,168
2023-01-10,Jacket Leather,198
2023-01-10,Shoe Leather,208
2023-01-10,Wallet,144
2023-01-11,Bag,112
2023-01-11,Belt,153
2023-01-11,Custom,181
2023-01-11,Jacket Leather,192
2023-01-11,Shoe Leather,181
2023-01-11,Wallet,140
2023-01-12,Bag,124
2023-01-12,Belt,127
2023-01-12,Custom,147
2023-01-12,Jacket Leather,178
2023-01-12,Shoe Leather,185
2023-01-12,Wallet,132
2023-01-13,Bag,118
2023-01-13,Belt,136
2023-01-13,Custom,160
2023-01-13,Jacket Leather,193
2023-01-13,Shoe Leather,170
2023-01-13,Wallet,127
2023-01-14,Bag,100
2023-01-14,Belt,129
2023-01-14,Custom,143
2023-01-14,Jacket Leather,189
2023-01-14,Shoe Leather,171
2023-01-14,Wallet,126
2023-01-15,Bag,107
2023-01-15,Belt,126
2023-01-15,Custom,154
2023-01-15,Jacket Leather,202
2023-01-15,Shoe Leather,179
2023-01-15,Wallet,138
2023-01-16,Bag,110
2023-01-16,Belt,108
2023-01-16,Custom,135
2023-01-16,Jacket Leather,189
2023-01-16,Shoe Leather,180
2023-01-16,Wallet,120
2023-01-17,Bag,82
2023-01-17,Belt,119
2023-01-17,Custom,137
2023-01-17,Jacket Leather,169
2023-01-17,Shoe Leather,195
2023-01-17,Wallet,120
2023-01-18,Bag,100
2023-01-18,Belt,127
2023-01-18,Custom,134
2023-01-18,Jacket Leather,194
2023-01-18,Shoe Leather,161
2023-01-18,Wallet,125
2023-01-19,Bag,85
2023-01-19,Belt,144
2023-01-19,Custom,144
2023-01-19,Jacket Leather,184
2023-01-19,Shoe Leather,149
2023-01-19,Wallet,112
2023-01-20,Bag,94
2023-01-20,Belt,119
2023-01-20,Custom,140
2023-01-20,Jacket Leather,175
2023-01-20,Shoe Leather,163
2023-01-20,Wallet,119
2023-01-21,Bag,79
2023-01-21,Belt,114
2023-01-21,Custom,116
2023-01-21,Jacket Leather,165
2023-01-21,Shoe Leather,142
2023-01-21,Wallet,95
2023-01-22,Bag,67
2023-01-22,Belt,107
2023-01-22,Custom,128
2023-01-22,Jacket Leather,156
2023-01-22,Shoe Leather,158
2023-01-22,Wallet,107
2023-01-23,Bag,68
2023-01-23,Belt,105
2023-01-23,Custom,120
2023-01-23,Jacket Leather,162
2023-01-23,Shoe Leather,146
2023-01-23,Wallet,109
2023-01-24,Bag,85
2023-01-24,Belt,121
2023-01-24,Custom,115
2023-01-24,Jacket Leather,176
2023-01-24,Shoe Leather,154
2023-01-24,Wallet,109
2023-01-25,Bag,89
2023-01-25,Belt,116
2023-01-25,Custom,126
2023-01-25,Jacket Leather,186
2023-01-25,Shoe Leather,164
2023-01-25,Wallet,93
2023-01-26,Bag,79
2023-01-26,Belt,108
2023-01-26,Custom,127
2023-01-26,Jacket Leather,184
2023-01-26,Shoe Leather,154
2023-01-26,Wallet,124
2023-01-27,Bag,97
2023-01-27,Belt,107
2023-01-27,Custom,157
2023-01-27,Jacket Leather,167
2023-01-27,Shoe Leather,167
2023-01-27,Wallet,106
2023-01-28,Bag,78
2023-01-28,Belt,119
2023-01-28,Custom,141
2023-01-28,Jacket Leather,164
2023-01-28,Shoe Leather,170
2023-01-28,Wallet,121
2023-01-29,Bag,97
2023-01-29,Belt,119
2023-01-29,Custom,127
2023-01-29,Jacket Leather,180
2023-01-29,Shoe Leather,146
2023-01-29,Wallet,122
2023-01-30,Bag,90
2023-01-30,Belt,129
2023-01-30,Custom,139
2023-01-30,Jacket Leather,165
2023-01-30,Shoe Leather,160
2023-01-30,Wallet,136
2023-01-31,Bag,100
2023-01-31,Belt,131
2023-01-31,Custom,159
2023-01-31,Jacket Leather,191
2023-01-31,Shoe Leather,158
2023-01-31,Wallet,152
2023-02-01,Bag,112
2023-02-01,Belt,142
2023-02-01,Custom,175
2023-02-01,Jacket Leather,191
2023-02-01,Shoe Leather,198
2023-02-01,Wallet,122
2023-02-02,Bag,107
2023-02-02,Belt,130
2023-02-02,Custom,142
2023-02-02,Jacket Leather,192
2023-02-02,Shoe Leather,181
2023-02-02,Wallet,133
2023-02-03,Bag,116
2023-02-03,Belt,157
2023-02-03,Custom,143
2023-02-03,Jacket Leather,184
2023-02-03,Shoe Leather,204
2023-02-03,Wallet,145
2023-02-04,Bag,133
2023-02-04,Belt,177
2023-02-04,Custom,184
2023-02-04,Jacket Leather,209
2023-02-04,Shoe Leather,173
2023-02-04,Wallet,135
2023-02-05,Bag,120
2023-02-05,Belt,164
2023-02-05,Custom,172
2023-02-05,Jacket Leather,201
2023-02-05,Shoe Leather,187
2023-02-05,Wallet,157
2023-02-06,Bag,136
2023-02-06,Belt,156
2023-02-06,Custom,161
2023-02-06,Jacket Leather,197
2023-02-06,Shoe Leather,202
2023-02-06,Wallet,160
2023-02-07,Bag,118
2023-02-07,Belt,164
2023-02-07,Custom,177
2023-02-07,Jacket Leather,181
2023-02-07,Shoe Leather,197
2023-02-07,Wallet,158
2023-02-08,Bag,134
2023-02-08,Belt,146
2023-02-08,Custom,145
2023-02-08,Jacket Leather,210
2023-02-08,Shoe Leather,201
2023-02-08,Wallet,155
2023-02-09,Bag,143
2023-02-09,Belt,139
2023-02-09,Custom,171
2023-02-09,Jacket Leather,227
2023-02-09,Shoe Leather,183
2023-02-09,Wallet,166
2023-02-10,Bag,102
2023-02-10,Belt,162
2023-02-10,Custom,173
2023-02-10,Jacket Leather,224
2023-02-10,Shoe Leather,208
2023-02-10,Wallet,139
2023-02-11,Bag,117
2023-02-11,Belt,146
2023-02-11,Custom,177
2023-02-11,Jacket Leather,201
2023-02-11,Shoe Leather,200
2023-02-11,Wallet,149
2023-02-12,Bag,128
2023-02-12,Belt,135
2023-02-12,Custom,154
2023-02-12,Jacket Leather,197
2023-02-12,Shoe Leather,193
2023-02-12,Wallet,138
2023-02-13,Bag,117
2023-02-13,Belt,137
2023-02-13,Custom,162
2023-02-13,Jacket Leather,204
2023-02-13,Shoe Leather,179
2023-02-13,Wallet,151
2023-02-14,Bag,119
2023-02-14,Belt,131
2023-02-14,Custom,148
2023-02-14,Jacket Leather,186
2023-02-14,Shoe Leather,185
2023-02-14,Wallet,120
2023-02-15,Bag,105
2023-02-15,Belt,139
2023-02-15,Custom,156
2023-02-15,Jacket Leather,195
2023-02-15,Shoe Leather,175
2023-02-15,Wallet,135
2023-02-16,Bag,108
2023-02-16,Belt,140
2023-02-16,Custom,141
2023-02-16,Jacket Leather,196
2023-02-16,Shoe Leather,158
2023-02-16,Wallet,134
2023-02-17,Bag,102
2023-02-17,Belt,139
2023-02-17,Custom,142
2023-02-17,Jacket Leather,197
2023-02-17,Shoe Leather,170
2023-02-17,Wallet,118
2023-02-18,Bag,112
2023-02-18,Belt,136
2023-02-18,Custom,133
2023-02-18,Jacket Leather,180
2023-02-18,Shoe Leather,166
2023-02-18,Wallet,118
2023-02-19,Bag,100
2023-02-19,Belt,132
2023-02-19,Custom,147
2023-02-19,Jacket Leather,176
2023-02-19,Shoe Leather,175
2023-02-19,Wallet,121
2023-02-20,Bag,99
2023-02-20,Belt,120
2023-02-20,Custom,146
2023-02-20,Jacket Leather,167
2023-02-20,Shoe Leather,140
2023-02-20,Wallet,129
2023-02-21,Bag,90
2023-02-21,Belt,115
2023-02-21,Custom,134
2023-02-21,Jacket Leather,167
2023-02-21,Shoe Leather,163
2023-02-21,Wallet,107
2023-02-22,Bag,89
2023-02-22,Belt,105
2023-02-22,Custom,136
2023-02-22,Jacket Leather,172
2023-02-22,Shoe Leather,149
2023-02-22,Wallet,109
2023-02-23,Bag,90
2023-02-23,Belt,131
2023-02-23,Custom,122
2023-02-23,Jacket Leather,178
2023-02-23,Shoe Leather,164
2023-02-23,Wallet,129
2023-02-24,Bag,99
2023-02-24,Belt,120
2023-02-24,Custom,134
2023-02-24,Jacket Leather,185
2023-02-24,Shoe Leather,166
2023-02-24,Wallet,116
2023-02-25,Bag,93
2023-02-25,Belt,120
2023-02-25,Custom,139
2023-02-25,Jacket Leather,170
2023-02-25,Shoe Leather,163
2023-02-25,Wallet,113
2023-02-26,Bag,103
2023-02-26,Belt,138
2023-02-26,Custom,168
2023-02-26,Jacket Leather,195
2023-02-26,Shoe Leather,175
2023-02-26,Wallet,131
2023-02-27,Bag,124
2023-02-27,Belt,121
2023-02-27,Custom,134
2023-02-27,Jacket Leather,181
2023-02-27,Shoe Leather,158
2023-02-27,Wallet,122
2023-02-28,Bag,116
2023-02-28,Belt,142
2023-02-28,Custom,164
2023-02-28,Jacket Leather,188
2023-02-28,Shoe Leather,185
2023-02-28,Wallet,141
2023-03-01,Bag,108
2023-03-01,Belt,141
2023-03-01,Custom,164
2023-03-01,Jacket Leather,185
2023-03-01,Shoe Leather,171
2023-03-01,Wallet,128
2023-03-02,Bag,128
2023-03-02,Belt,132
2023-03-02,Custom,161
2023-03-02,Jacket Leather,172
2023-03-02,Shoe Leather,167
2023-03-02,Wallet,138
2023-03-03,Bag,116
2023-03-03,Belt,146
2023-03-03,Custom,180
2023-03-03,Jacket Leather,210
2023-03-03,Shoe Leather,184
2023-03-03,Wallet,153
2023-03-04,Bag,104
2023-03-04,Belt,161
2023-03-04,Custom,171
2023-03-04,Jacket Leather,213
2023-03-04,Shoe Leather,170
2023-03-04,Wallet,146
2023-03-05,Bag,118
2023-03-05,Belt,163
2023-03-05,Custom,175
2023-03-05,Jacket Leather,206
2023-03-05,Shoe Leather,198
2023-03-05,Wallet,160
2023-03-06,Bag,113
2023-03-06,Belt,174
2023-03-06,Custom,174
2023-03-06,Jacket Leather,213
2023-03-06,Shoe Leather,196
2023-03-06,Wallet,155
2023-03-07,Bag,131
2023-03-07,Belt,165
2023-03-07,Custom,189
2023-03-07,Jacket Leather,221
2023-03-07,Shoe Leather,214
2023-03-07,Wallet,178
2023-03-08,Bag,137
2023-03-08,Belt,197
2023-03-08,Custom,190
2023-03-08,Jacket Leather,202
2023-03-08,Shoe Leather,210
2023-03-08,Wallet,176
2023-03-09,Bag,155
2023-03-09,Belt,155
2023-03-09,Custom,174
2023-03-09,Jacket Leather,213
2023-03-09,Shoe Leather,191
2023-03-09,Wallet,148
2023-03-10,Bag,141
2023-03-10,Belt,161
2023-03-10,Custom,167
2023-03-10,Jacket Leather,227
2023-03-10,Shoe Leather,197
2023-03-10,Wallet,167
2023-03-11,Bag,135
2023-03-11,Belt,164
2023-03-11,Custom,178
2023-03-11,Jacket Leather,206
2023-03-11,Shoe Leather,210
2023-03-11,Wallet,153
2023-03-12,Bag,144
2023-03-12,Belt,149
2023-03-12,Custom,171
2023-03-12,Jacket Leather,220
2023-03-12,Shoe Leather,211
2023-03-12,Wallet,162
2023-03-13,Bag,112
2023-03-13,Belt,171
2023-03-13,Custom,176
2023-03-13,Jacket Leather,201
2023-03-13,Shoe Leather,213
2023-03-13,Wallet,158
2023-03-14,Bag,134
2023-03-14,Belt,167
2023-03-14,Custom,186
2023-03-14,Jacket Leather,217
2023-03-14,Shoe Leather,210
2023-03-14,Wallet,144
2023-03-15,Bag,136
2023-03-15,Belt,155
2023-03-15,Custom,166
2023-03-15,Jacket Leather,208
2023-03-15,Shoe Leather,194
2023-03-15,Wallet,162
2023-03-16,Bag,109
2023-03-16,Belt,146
2023-03-16,Custom,166
2023-03-16,Jacket Leather,189
2023-03-16,Shoe Leather,195
2023-03-16,Wallet,150
2023-03-17,Bag,132
2023-03-17,Belt,132
2023-03-17,Custom,163
2023-03-17,Jacket Leather,213
2023-03-17,Shoe Leather,200
2023-03-17,Wallet,141
2023-03-18,Bag,120
2023-03-18,Belt,135
2023-03-18,Custom,167
2023-03-18,Jacket Leather,190
2023-03-18,Shoe Leather,180
2023-03-18,Wallet,136
2023-03-19,Bag,109
2023-03-19,Belt,147
2023-03-19,Custom,133
2023-03-19,Jacket Leather,185
2023-03-19,Shoe Leather,183
2023-03-19,Wallet,138
2023-03-20,Bag,116
2023-03-20,Belt,134
2023-03-20,Custom,146
2023-03-20,Jacket Leather,192
2023-03-20,Shoe Leather,173
2023-03-20,Wallet,137
2023-03-21,Bag,129
2023-03-21,Belt,129
2023-03-21,Custom,151
2023-03-21,Jacket Leather,199
2023-03-21,Shoe Leather,168
2023-03-21,Wallet,129
2023-03-22,Bag,106
2023-03-22,Belt,136
2023-03-22,Custom,159
2023-03-22,Jacket Leather,175
2023-03-22,Shoe Leather,172
2023-03-22,Wallet,100
2023-03-23,Bag,106
2023-03-23,Belt,141
2023-03-23,Custom,141
2023-03-23,Jacket Leather,184
2023-03-23,Shoe Leather,163
2023-03-23,Wallet,127
2023-03-24,Bag,98
2023-03-24,Belt,132
2023-03-24,Custom,126
2023-03-24,Jacket Leather,188
2023-03-24,Shoe Leather,168
2023-03-24,Wallet,112
2023-03-25,Bag,94
2023-03-25,Belt,133
2023-03-25,Custom,151
2023-03-25,Jacket Leather,190
2023-03-25,Shoe Leather,159
2023-03-25,Wallet,124
2023-03-26,Bag,112
2023-03-26,Belt,144
2023-03-26,Custom,140
2023-03-26,Jacket Leather,186
2023-03-26,Shoe Leather,169
2023-03-26,Wallet,114
2023-03-27,Bag,98
2023-03-27,Belt,134
2023-03-27,Custom,137
2023-03-27,Jacket Leather,183
2023-03-27,Shoe Leather,177
2023-03-27,Wallet,115
2023-03-28,Bag,110
2023-03-28,Belt,132
2023-03-28,Custom,145
2023-03-28,Jacket Leather,181
2023-03-28,Shoe Leather,170
2023-03-28,Wallet,145
2023-03-29,Bag,107
2023-03-29,Belt,146
2023-03-29,Custom,153
2023-03-29,Jacket Leather,194
2023-03-29,Shoe Leather,179
2023-03-29,Wallet,133
2023-03-30,Bag,121
2023-03-30,Belt,140
2023-03-30,Custom,152
2023-03-30,Jacket Leather,186
2023-03-30,Shoe Leather,184
2023-03-30,Wallet,136
2023-03-31,Bag,124
2023-03-31,Belt,143
2023-03-31,Custom,141
2023-03-31,Jacket Leather,172
2023-03-31,Shoe Leather,192
2023-03-31,Wallet,149
2023-04-01,Bag,135
2023-04-01,Belt,164
2023-04-01,Custom,176
2023-04-01,Jacket Leather,210
2023-04-01,Shoe Leather,190
2023-04-01,Wallet,145
2023-04-02,Bag,124
2023-04-02,Belt,153
2023-04-02,Custom,184
2023-04-02,Jacket Leather,219
2023-04-02,Shoe Leather,207
2023-04-02,Wallet,174
2023-04-03,Bag,131
2023-04-03,Belt,134
2023-04-03,Custom,182
2023-04-03,Jacket Leather,191
2023-04-03,Shoe Leather,179
2023-04-03,Wallet,154
2023-04-04,Bag,128
2023-04-04,Belt,168
2023-04-04,Custom,169
2023-04-04,Jacket Leather,208
2023-04-04,Shoe Leather,234
2023-04-04,Wallet,165
2023-04-05,Bag,137
2023-04-05,Belt,164
2023-04-05,Custom,181
2023-04-05,Jacket Leather,228
2023-04-05,Shoe Leather,199
2023-04-05,Wallet,174
2023-04-06,Bag,147
2023-04-06,Belt,167
2023-04-06,Custom,186
2023-04-06,Jacket Leather,245
2023-04-06,Shoe Leather,214
2023-04-06,Wallet,183
2023-04-07,Bag,153
2023-04-07,Belt,177
2023-04-07,Custom,194
2023-04-07,Jacket Leather,227
2023-04-07,Shoe Leather,203
2023-04-07,Wallet,162
2023-04-08,Bag,138
2023-04-08,Belt,172
2023-04-08,Custom,196
2023-04-08,Jacket Leather,220
2023-04-08,Shoe Leather,220
2023-04-08,Wallet,166
2023-04-09,Bag,156
2023-04-09,Belt,176
2023-04-09,Custom,182
2023-04-09,Jacket Leather,226
2023-04-09,Shoe Leather,217
2023-04-09,Wallet,183
2023-04-10,Bag,160
2023-04-10,Belt,153
2023-04-10,Custom,190
2023-04-10,Jacket Leather,241
2023-04-10,Shoe Leather,207
2023-04-10,Wallet,178
2023-04-11,Bag,149
2023-04-11,Belt,162
2023-04-11,Custom,192
2023-04-11,Jacket Leather,219
2023-04-11,Shoe Leather,223
2023-04-11,Wallet,179
2023-04-12,Bag,162
2023-04-12,Belt,184
2023-04-12,Custom,200
2023-04-12,Jacket Leather,216
2023-04-12,Shoe Leather,208
2023-04-12,Wallet,153
2023-04-13,Bag,133
2023-04-13,Belt,167
2023-04-13,Custom,190
2023-04-13,Jacket Leather,216
2023-04-13,Shoe Leather,212
2023-04-13,Wallet,179
2023-04-14,Bag,124
2023-04-14,Belt,147
2023-04-14,Custom,187
2023-04-14,Jacket Leather,208
2023-04-14,Shoe Leather,195
2023-04-14,Wallet,153
2023-04-15,Bag,115
2023-04-15,Belt,149
2023-04-15,Custom,176
2023-04-15,Jacket Leather,215
2023-04-15,Shoe Leather,200
2023-04-15,Wallet,159
2023-04-16,Bag,144
2023-04-16,Belt,146
2023-04-16,Custom,186
2023-04-16,Jacket Leather,226
2023-04-16,Shoe Leather,216
2023-04-16,Wallet,151
2023-04-17,Bag,132
2023-04-17,Belt,153
2023-04-17,Custom,172
2023-04-17,Jacket Leather,209
2023-04-17,Shoe Leather,202
2023-04-17,Wallet,140
2023-04-18,Bag,121
2023-04-18,Belt,144
2023-04-18,Custom,156
2023-04-18,Jacket Leather,200
2023-04-18,Shoe Leather,192
2023-04-18,Wallet,131
2023-04-19,Bag,121
2023-04-19,Belt,139
2023-04-19,Custom,175
2023-04-19,Jacket Leather,196
2023-04-19,Shoe Leather,181
2023-04-19,Wallet,125
2023-04-20,Bag,104
2023-04-20,Belt,142
2023-04-20,Custom,165
2023-04-20,Jacket Leather,181
2023-04-20,Shoe Leather,183
2023-04-20,Wallet,140
2023-04-21,Bag,138
2023-04-21,Belt,145
2023-04-21,Custom,151
2023-04-21,Jacket Leather,203
2023-04-21,Shoe Leather,182
2023-04-21,Wallet,122
2023-04-22,Bag,113
2023-04-22,Belt,136
2023-04-22,Custom,150
2023-04-22,Jacket Leather,192
2023-04-22,Shoe Leather,183
2023-04-22,Wallet,124
2023-04-23,Bag,113
2023-04-23,Belt,132
2023-04-23,Custom,157
2023-04-23,Jacket Leather,190
2023-04-23,Shoe Leather,168
2023-04-23,Wallet,133
2023-04-24,Bag,119
2023-04-24,Belt,134
2023-04-24,Custom,159
2023-04-24,Jacket Leather,225
2023-04-24,Shoe Leather,185
2023-04-24,Wallet,109
2023-04-25,Bag,118
2023-04-25,Belt,143
2023-04-25,Custom,157
2023-04-25,Jacket Leather,197
2023-04-25,Shoe Leather,169
2023-04-25,Wallet,144
2023-04-26,Bag,117
2023-04-26,Belt,142
2023-04-26,Custom,161
2023-04-26,Jacket Leather,188
2023-04-26,Shoe Leather,198
2023-04-26,Wallet,115
2023-04-27,Bag,110
2023-04-27,Belt,152
2023-04-27,Custom,177
2023-04-27,Jacket Leather,194
2023-04-27,Shoe Leather,177
2023-04-27,Wallet,141
2023-04-28,Bag,126
2023-04-28,Belt,136
2023-04-28,Custom,174
2023-04-28,Jacket Leather,213
2023-04-28,Shoe Leather,191
2023-04-28,Wallet,145
2023-04-29,Bag,144
2023-04-29,Belt,144
2023-04-29,Custom,169
2023-04-29,Jacket Leather,207
2023-04-29,Shoe Leather,202
2023-04-29,Wallet,154
2023-04-30,Bag,143
2023-04-30,Belt,164
2023-04-30,Custom,181
2023-04-30,Jacket Leather,196
2023-04-30,Shoe Leather,194
2023-04-30,Wallet,153
2023-05-01,Bag,150
2023-05-01,Belt,152
2023-05-01,Custom,166
2023-05-01,Jacket Leather,224
2023-05-01,Shoe Leather,204
2023-05-01,Wallet,178
2023-05-02,Bag,133
2023-05-02,Belt,179
2023-05-02,Custom,185
2023-05-02,Jacket Leather,212
2023-05-02,Shoe Leather,219
2023-05-02,Wallet,164
2023-05-03,Bag,133
2023-05-03,Belt,183
2023-05-03,Custom,203
2023-05-03,Jacket Leather,242
2023-05-03,Shoe Leather,215
2023-05-03,Wallet,177
2023-05-04,Bag,145
2023-05-04,Belt,187
2023-05-04,Custom,187
2023-05-04,Jacket Leather,238
2023-05-04,Shoe Leather,217
2023-05-04,Wallet,163
2023-05-05,Bag,151
2023-05-05,Belt,168
2023-05-05,Custom,184
2023-05-05,Jacket Leather,226
2023-05-05,Shoe Leather,200
2023-05-05,Wallet,175
2023-05-06,Bag,164
2023-05-06,Belt,180
2023-05-06,Custom,189
2023-05-06,Jacket Leather,246
2023-05-06,Shoe Leather,210
2023-05-06,Wallet,192
2023-05-07,Bag,138
2023-05-07,Belt,176
2023-05-07,Custom,186
2023-05-07,Jacket Leather,236
2023-05-07,Shoe Leather,232
2023-05-07,Wallet,176
2023-05-08,Bag,171
2023-05-08,Belt,192
2023-05-08,Custom,190
2023-05-08,Jacket Leather,245
2023-05-08,Shoe Leather,228
2023-05-08,Wallet,181
2023-05-09,Bag,155
2023-05-09,Belt,200
2023-05-09,Custom,195
2023-05-09,Jacket Leather,242
2023-05-09,Shoe Leather,230
2023-05-09,Wallet,190
2023-05-10,Bag,151
2023-05-10,Belt,191
2023-05-10,Custom,184
2023-05-10,Jacket Leather,228
2023-05-10,Shoe Leather,229
2023-05-10,Wallet,172
2023-05-11,Bag,144
2023-05-11,Belt,181
2023-05-11,Custom,197
2023-05-11,Jacket Leather,228
2023-05-11,Shoe Leather,234
2023-05-11,Wallet,156
2023-05-12,Bag,136
2023-05-12,Belt,175
2023-05-12,Custom,203
2023-05-12,Jacket Leather,243
2023-05-12,Shoe Leather,216
2023-05-12,Wallet,178
2023-05-13,Bag,158
2023-05-13,Belt,182
2023-05-13,Custom,183
2023-05-13,Jacket Leather,227
2023-05-13,Shoe Leather,217
2023-05-13,Wallet,183
2023-05-14,Bag,147
2023-05-14,Belt,160
2023-05-14,Custom,203
2023-05-14,Jacket Leather,223
2023-05-14,Shoe Leather,202
2023-05-14,Wallet,156
2023-05-15,Bag,129
2023-05-15,Belt,174
2023-05-15,Custom,190
2023-05-15,Jacket Leather,213
2023-05-15,Shoe Leather,196
2023-05-15,Wallet,172
2023-05-16,Bag,125
2023-05-16,Belt,156
2023-05-16,Custom,191
2023-05-16,Jacket Leather,223
2023-05-16,Shoe Leather,189
2023-05-16,Wallet,169
2023-05-17,Bag,131
2023-05-17,Belt,167
2023-05-17,Custom,170
2023-05-17,Jacket Leather,236
2023-05-17,Shoe Leather,192
2023-05-17,Wallet,135
2023-05-18,Bag,148
2023-05-18,Belt,156
2023-05-18,Custom,182
2023-05-18,Jacket Leather,201
2023-05-18,Shoe Leather,213
2023-05-18,Wallet,145
2023-05-19,Bag,125
2023-05-19,Belt,150
2023-05-19,Custom,159
2023-05-19,Jacket Leather,208
2023-05-19,Shoe Leather,179
2023-05-19,Wallet,147
2023-05-20,Bag,110
2023-05-20,Belt,143
2023-05-20,Custom,176
2023-05-20,Jacket Leather,220
2023-05-20,Shoe Leather,188
2023-05-20,Wallet,146
2023-05-21,Bag,120
2023-05-21,Belt,146
2023-05-21,Custom,167
2023-05-21,Jacket Leather,202
2023-05-21,Shoe Leather,176
2023-05-21,Wallet,139
2023-05-22,Bag,118
2023-05-22,Belt,153
2023-05-22,Custom,169
2023-05-22,Jacket Leather,206
2023-05-22,Shoe Leather,182
2023-05-22,Wallet,137
2023-05-23,Bag,94
2023-05-23,Belt,158
2023-05-23,Custom,151
2023-05-23,Jacket Leather,191
2023-05-23,Shoe Leather,189
2023-05-23,Wallet,161
2023-05-24,Bag,120
2023-05-24,Belt,153
2023-05-24,Custom,154
2023-05-24,Jacket Leather,206
2023-05-24,Shoe Leather,181
2023-05-24,Wallet,143
2023-05-25,Bag,120
2023-05-25,Belt,162
2023-05-25,Custom,170
2023-05-25,Jacket Leather,201
2023-05-25,Shoe Leather,200
2023-05-25,Wallet,139
2023-05-26,Bag,131
2023-05-26,Belt,176
2023-05-26,Custom,157
2023-05-26,Jacket Leather,215
2023-05-26,Shoe Leather,206
2023-05-26,Wallet,147
2023-05-27,Bag,145
2023-05-27,Belt,150
2023-05-27,Custom,174
2023-05-27,Jacket Leather,219
2023-05-27,Shoe Leather,171
2023-05-27,Wallet,156
2023-05-28,Bag,142
2023-05-28,Belt,155
2023-05-28,Custom,159
2023-05-28,Jacket Leather,237
2023-05-28,Shoe Leather,190
2023-05-28,Wallet,154
2023-05-29,Bag,132
2023-05-29,Belt,146
2023-05-29,Custom,185
2023-05-29,Jacket Leather,221
2023-05-29,Shoe Leather,202
2023-05-29,Wallet,156
2023-05-30,Bag,127
2023-05-30,Belt,177
2023-05-30,Custom,168
2023-05-30,Jacket Leather,222
2023-05-30,Shoe Leather,216
2023-05-30,Wallet,155
2023-05-31,Bag,169
2023-05-31,Belt,183
2023-05-31,Custom,191
2023-05-31,Jacket Leather,226
2023-05-31,Shoe Leather,205
2023-05-31,Wallet,160
2023-06-01,Bag,148
2023-06-01,Belt,165
2023-06-01,Custom,196
2023-06-01,Jacket Leather,225
2023-06-01,Shoe Leather,214
2023-06-01,Wallet,165
2023-06-02,Bag,152
2023-06-02,Belt,184
2023-06-02,Custom,187
2023-06-02,Jacket Leather,236
2023-06-02,Shoe Leather,207
2023-06-02,Wallet,179
2023-06-03,Bag,155
2023-06-03,Belt,194
2023-06-03,Custom,204
2023-06-03,Jacket Leather,233
2023-06-03,Shoe Leather,207
2023-06-03,Wallet,169
2023-06-04,Bag,161
2023-06-04,Belt,188
2023-06-04,Custom,204
2023-06-04,Jacket Leather,241
2023-06-04,Shoe Leather,240
2023-06-04,Wallet,186
2023-06-05,Bag,160
2023-06-05,Belt,197
2023-06-05,Custom,199
2023-06-05,Jacket Leather,256
2023-06-05,Shoe Leather,210
2023-06-05,Wallet,199
2023-06-06,Bag,158
2023-06-06,Belt,192
2023-06-06,Custom,196
2023-06-06,Jacket Leather,234
2023-06-06,Shoe Leather,254
2023-06-06,Wallet,191
2023-06-07,Bag,159
2023-06-07,Belt,179
2023-06-07,Custom,188
2023-06-07,Jacket Leather,257
2023-06-07,Shoe Leather,239
2023-06-07,Wallet,185
2023-06-08,Bag,165
2023-06-08,Belt,202
2023-06-08,Custom,211
2023-06-08,Jacket Leather,259
2023-06-08,Shoe Leather,239
2023-06-08,Wallet,176
2023-06-09,Bag,159
2023-06-09,Belt,205
2023-06-09,Custom,191
2023-06-09,Jacket Leather,244
2023-06-09,Shoe Leather,237
2023-06-09,Wallet,204
2023-06-10,Bag,156
2023-06-10,Belt,197
2023-06-10,Custom,207
2023-06-10,Jacket Leather,223
2023-06-10,Shoe Leather,227
2023-06-10,Wallet,175
2023-06-11,Bag,162
2023-06-11,Belt,178
2023-06-11,Custom,201
2023-06-11,Jacket Leather,236
2023-06-11,Shoe Leather,232
2023-06-11,Wallet,193
2023-06-12,Bag,156
2023-06-12,Belt,177
2023-06-12,Custom,207
2023-06-12,Jacket Leather,252
2023-06-12,Shoe Leather,223
2023-06-12,Wallet,188
2023-06-13,Bag,170
2023-06-13,Belt,170
2023-06-13,Custom,194
2023-06-13,Jacket Leather,235
2023-06-13,Shoe Leather,227
2023-06-13,Wallet,176
2023-06-14,Bag,125
2023-06-14,Belt,186
2023-06-14,Custom,190
2023-06-14,Jacket Leather,222
2023-06-14,Shoe Leather,218
2023-06-14,Wallet,172
2023-06-15,Bag,158
2023-06-15,Belt,187
2023-06-15,Custom,197
2023-06-15,Jacket Leather,223
2023-06-15,Shoe Leather,205
2023-06-15,Wallet,153
2023-06-16,Bag,156
2023-06-16,Belt,174
2023-06-16,Custom,189
2023-06-16,Jacket Leather,233
2023-06-16,Shoe Leather,202
2023-06-16,Wallet,170
2023-06-17,Bag,119
2023-06-17,Belt,176
2023-06-17,Custom,185
2023-06-17,Jacket Leather,226
2023-06-17,Shoe Leather,197
2023-06-17,Wallet,170
2023-06-18,Bag,133
2023-06-18,Belt,155
2023-06-18,Custom,184
2023-06-18,Jacket Leather,215
2023-06-18,Shoe Leather,213
2023-06-18,Wallet,149
2023-06-19,Bag,130
2023-06-19,Belt,162
2023-06-19,Custom,161
2023-06-19,Jacket Leather,211
2023-06-19,Shoe Leather,194
2023-06-19,Wallet,156
2023-06-20,Bag,118
2023-06-20,Belt,145
2023-06-20,Custom,182
2023-06-20,Jacket Leather,208
2023-06-20,Shoe Leather,179
2023-06-20,Wallet,156
2023-06-21,Bag,122
2023-06-21,Belt,149
2023-06-21,Custom,179
2023-06-21,Jacket Leather,202
2023-06-21,Shoe Leather,201
2023-06-21,Wallet,160
2023-06-22,Bag,119
2023-06-22,Belt,165
2023-06-22,Custom,162
2023-06-22,Jacket Leather,226
2023-06-22,Shoe Leather,212
2023-06-22,Wallet,153
2023-06-23,Bag,147
2023-06-23,Belt,154
2023-06-23,Custom,170
2023-06-23,Jacket Leather,207
2023-06-23,Shoe Leather,204
2023-06-23,Wallet,137
2023-06-24,Bag,140
2023-06-24,Belt,170
2023-06-24,Custom,173
2023-06-24,Jacket Leather,224
2023-06-24,Shoe Leather,192
2023-06-24,Wallet,149
2023-06-25,Bag,146
2023-06-25,Belt,165
2023-06-25,Custom,174
2023-06-25,Jacket Leather,229
2023-06-25,Shoe Leather,184
2023-06-25,Wallet,159
2023-06-26,Bag,143
2023-06-26,Belt,190
2023-06-26,Custom,182
2023-06-26,Jacket Leather,227
2023-06-26,Shoe Leather,201
2023-06-26,Wallet,168
2023-06-27,Bag,128
2023-06-27,Belt,167
2023-06-27,Custom,196
2023-06-27,Jacket Leather,216
2023-06-27,Shoe Leather,204
2023-06-27,Wallet,157
2023-06-28,Bag,138
2023-06-28,Belt,156
2023-06-28,Custom,196
2023-06-28,Jacket Leather,228
2023-06-28,Shoe Leather,200
2023-06-28,Wallet,189
2023-06-29,Bag,152
2023-06-29,Belt,174
2023-06-29,Custom,177
2023-06-29,Jacket Leather,228
2023-06-29,Shoe Leather,220
2023-06-29,Wallet,152
2023-06-30,Bag,140
2023-06-30,Belt,169
2023-06-30,Custom,201
2023-06-30,Jacket Leather,224
2023-06-30,Shoe Leather,237
2023-06-30,Wallet,170
2023-07-01,Bag,164
2023-07-01,Belt,193
2023-07-01,Custom,212
2023-07-01,Jacket Leather,240
2023-07-01,Shoe Leather,225
2023-07-01,Wallet,179
2023-07-02,Bag,158
2023-07-02,Belt,188
2023-07-02,Custom,207
2023-07-02,Jacket Leather,230
2023-07-02,Shoe Leather,229
2023-07-02,Wallet,182
2023-07-03,Bag,161
2023-07-03,Belt,190
2023-07-03,Custom,218
2023-07-03,Jacket Leather,257
2023-07-03,Shoe Leather,222
2023-07-03,Wallet,176
2023-07-04,Bag,175
2023-07-04,Belt,193
2023-07-04,Custom,230
2023-07-04,Jacket Leather,244
2023-07-04,Shoe Leather,249
2023-07-04,Wallet,196
2023-07-05,Bag,175
2023-07-05,Belt,205
2023-07-05,Custom,223
2023-07-05,Jacket Leather,253
2023-07-05,Shoe Leather,237
2023-07-05,Wallet,198
2023-07-06,Bag,169
2023-07-06,Belt,195
2023-07-06,Custom,218
2023-07-06,Jacket Leather,256
2023-07-06,Shoe Leather,234
2023-07-06,Wallet,197
2023-07-07,Bag,186
2023-07-07,Belt,208
2023-07-07,Custom,227
2023-07-07,Jacket Leather,252
2023-07-07,Shoe Leather,241
2023-07-07,Wallet,201
2023-07-08,Bag,163
2023-07-08,Belt,211
2023-07-08,Custom,218
2023-07-08,Jacket Leather,261
2023-07-08,Shoe Leather,246
2023-07-08,Wallet,194
2023-07-09,Bag,180
2023-07-09,Belt,197
2023-07-09,Custom,216
2023-07-09,Jacket Leather,250
2023-07-09,Shoe Leather,242
2023-07-09,Wallet,181
2023-07-10,Bag,178
2023-07-10,Belt,190
2023-07-10,Custom,211
2023-07-10,Jacket Leather,262
2023-07-10,Shoe Leather,251
2023-07-10,Wallet,189
2023-07-11,Bag,167
2023-07-11,Belt,192
2023-07-11,Custom,228
2023-07-11,Jacket Leather,237
2023-07-11,Shoe Leather,241
2023-07-11,Wallet,195
2023-07-12,Bag,171
2023-07-12,Belt,201
2023-07-12,Custom,201
2023-07-12,Jacket Leather,249
2023-07-12,Shoe Leather,231
2023-07-12,Wallet,192
2023-07-13,Bag,151
2023-07-13,Belt,192
2023-07-13,Custom,222
2023-07-13,Jacket Leather,264
2023-07-13,Shoe Leather,235
2023-07-13,Wallet,188
2023-07-14,Bag,170
2023-07-14,Belt,193
2023-07-14,Custom,208
2023-07-14,Jacket Leather,231
2023-07-14,Shoe Leather,232
2023-07-14,Wallet,189
2023-07-15,Bag,155
2023-07-15,Belt,201
2023-07-15,Custom,185
2023-07-15,Jacket Leather,230
2023-07-15,Shoe Leather,210
2023-07-15,Wallet,174
2023-07-16,Bag,147
2023-07-16,Belt,182
2023-07-16,Custom,199
2023-07-16,Jacket Leather,238
2023-07-16,Shoe Leather,231
2023-07-16,Wallet,176
2023-07-17,Bag,159
2023-07-17,Belt,167
2023-07-17,Custom,170
2023-07-17,Jacket Leather,231
2023-07-17,Shoe Leather,213
2023-07-17,Wallet,178
2023-07-18,Bag,139
2023-07-18,Belt,183
2023-07-18,Custom,194
2023-07-18,Jacket Leather,230
2023-07-18,Shoe Leather,210
2023-07-18,Wallet,168
2023-07-19,Bag,129
2023-07-19,Belt,170
2023-07-19,Custom,194
2023-07-19,Jacket Leather,228
2023-07-19,Shoe Leather,217
2023-07-19,Wallet,154
2023-07-20,Bag,125
2023-07-20,Belt,176
2023-07-20,Custom,177
2023-07-20,Jacket Leather,228
2023-07-20,Shoe Leather,215
2023-07-20,Wallet,155
2023-07-21,Bag,145
2023-07-21,Belt,177
2023-07-21,Custom,183
2023-07-21,Jacket Leather,231
2023-07-21,Shoe Leather,199
2023-07-21,Wallet,171
2023-07-22,Bag,126
2023-07-22,Belt,156
2023-07-22,Custom,201
2023-07-22,Jacket Leather,223
2023-07-22,Shoe Leather,213
2023-07-22,Wallet,176
2023-07-23,Bag,157
2023-07-23,Belt,179
2023-07-23,Custom,176
2023-07-23,Jacket Leather,217
2023-07-23,Shoe Leather,200
2023-07-23,Wallet,174
2023-07-24,Bag,119
2023-07-24,Belt,176
2023-07-24,Custom,172
2023-07-24,Jacket Leather,228
2023-07-24,Shoe Leather,225
2023-07-24,Wallet,166
2023-07-25,Bag,159
2023-07-25,Belt,163
2023-07-25,Custom,199
2023-07-25,Jacket Leather,242
2023-07-25,Shoe Leather,201
2023-07-25,Wallet,154
2023-07-26,Bag,147
2023-07-26,Belt,175
2023-07-26,Custom,207
2023-07-26,Jacket Leather,224
2023-07-26,Shoe Leather,214
2023-07-26,Wallet,168
2023-07-27,Bag,147
2023-07-27,Belt,177
2023-07-27,Custom,191
2023-07-27,Jacket Leather,219
2023-07-27,Shoe Leather,207
2023-07-27,Wallet,187
2023-07-28,Bag,147
2023-07-28,Belt,179
2023-07-28,Custom,205
2023-07-28,Jacket Leather,244
2023-07-28,Shoe Leather,241
2023-07-28,Wallet,182
2023-07-29,Bag,161
2023-07-29,Belt,192
2023-07-29,Custom,212
2023-07-29,Jacket Leather,236
2023-07-29,Shoe Leather,211
2023-07-29,Wallet,178
2023-07-30,Bag,161
2023-07-30,Belt,202
2023-07-30,Custom,196
2023-07-30,Jacket Leather,220
2023-07-30,Shoe Leather,233
2023-07-30,Wallet,191
2023-07-31,Bag,176
2023-07-31,Belt,192
2023-07-31,Custom,203
2023-07-31,Jacket Leather,255
2023-07-31,Shoe Leather,225
2023-07-31,Wallet,176
2023-08-01,Bag,171
2023-08-01,Belt,210
2023-08-01,Custom,224
2023-08-01,Jacket Leather,245
2023-08-01,Shoe Leather,233
2023-08-01,Wallet,186
2023-08-02,Bag,175
2023-08-02,Belt,210
2023-08-02,Custom,233
2023-08-02,Jacket Leather,253
2023-08-02,Shoe Leather,245
2023-08-02,Wallet,186
2023-08-03,Bag,173
2023-08-03,Belt,206
2023-08-03,Custom,225
2023-08-03,Jacket Leather,261
2023-08-03,Shoe Leather,256
2023-08-03,Wallet,205
2023-08-04,Bag,179
2023-08-04,Belt,208
2023-08-04,Custom,213
2023-08-04,Jacket Leather,262
2023-08-04,Shoe Leather,263
2023-08-04,Wallet,210
2023-08-05,Bag,185
2023-08-05,Belt,197
2023-08-05,Custom,244
2023-08-05,Jacket Leather,270
2023-08-05,Shoe Leather,233
2023-08-05,Wallet,204
2023-08-06,Bag,166
2023-08-06,Belt,195
2023-08-06,Custom,220
2023-08-06,Jacket Leather,259
2023-08-06,Shoe Leather,252
2023-08-06,Wallet,198
2023-08-07,Bag,170
2023-08-07,Belt,212
2023-08-07,Custom,222
2023-08-07,Jacket Leather,269
2023-08-07,Shoe Leather,265
2023-08-07,Wallet,207
2023-08-08,Bag,190
2023-08-08,Belt,201
2023-08-08,Custom,228
2023-08-08,Jacket Leather,261
2023-08-08,Shoe Leather,233
2023-08-08,Wallet,201
2023-08-09,Bag,183
2023-08-09,Belt,208
2023-08-09,Custom,239
2023-08-09,Jacket Leather,269
2023-08-09,Shoe Leather,251
2023-08-09,Wallet,197
2023-08-10,Bag,177
2023-08-10,Belt,200
2023-08-10,Custom,230
2023-08-10,Jacket Leather,266
2023-08-10,Shoe Leather,246
2023-08-10,Wallet,206
2023-08-11,Bag,177
2023-08-11,Belt,185
2023-08-11,Custom,223
2023-08-11,Jacket Leather,248
2023-08-11,Shoe Leather,247
2023-08-11,Wallet,192
2023-08-12,Bag,176
2023-08-12,Belt,203
2023-08-12,Custom,220
2023-08-12,Jacket Leather,265
2023-08-12,Shoe Leather,232
2023-08-12,Wallet,181
2023-08-13,Bag,164
2023-08-13,Belt,192
2023-08-13,Custom,212
2023-08-13,Jacket Leather,245
2023-08-13,Shoe Leather,222
2023-08-13,Wallet,179
2023-08-14,Bag,158
2023-08-14,Belt,193
2023-08-14,Custom,213
2023-08-14,Jacket Leather,254
2023-08-14,Shoe Leather,213
2023-08-14,Wallet,173
2023-08-15,Bag,164
2023-08-15,Belt,179
2023-08-15,Custom,179
2023-08-15,Jacket Leather,246
2023-08-15,Shoe Leather,238
2023-08-15,Wallet,188
2023-08-16,Bag,148
2023-08-16,Belt,181
2023-08-16,Custom,197
2023-08-16,Jacket Leather,257
2023-08-16,Shoe Leather,236
2023-08-16,Wallet,183
2023-08-17,Bag,159
2023-08-17,Belt,197
2023-08-17,Custom,199
2023-08-17,Jacket Leather,233
2023-08-17,Shoe Leather,224
2023-08-17,Wallet,179
2023-08-18,Bag,135
2023-08-18,Belt,180
2023-08-18,Custom,183
2023-08-18,Jacket Leather,229
2023-08-18,Shoe Leather,213
2023-08-18,Wallet,181
2023-08-19,Bag,160
2023-08-19,Belt,182
2023-08-19,Custom,196
2023-08-19,Jacket Leather,230
2023-08-19,Shoe Leather,200
2023-08-19,Wallet,185
2023-08-20,Bag,153
2023-08-20,Belt,162
2023-08-20,Custom,189
2023-08-20,Jacket Leather,226
2023-08-20,Shoe Leather,221
2023-08-20,Wallet,166
2023-08-21,Bag,150
2023-08-21,Belt,198
2023-08-21,Custom,208
2023-08-21,Jacket Leather,236
2023-08-21,Shoe Leather,203
2023-08-21,Wallet,175
2023-08-22,Bag,158
2023-08-22,Belt,193
2023-08-22,Custom,206
2023-08-22,Jacket Leather,212
2023-08-22,Shoe Leather,208
2023-08-22,Wallet,156
2023-08-23,Bag,166
2023-08-23,Belt,189
2023-08-23,Custom,187
2023-08-23,Jacket Leather,219
2023-08-23,Shoe Leather,210
2023-08-23,Wallet,186
2023-08-24,Bag,161
2023-08-24,Belt,186
2023-08-24,Custom,192
2023-08-24,Jacket Leather,221
2023-08-24,Shoe Leather,216
2023-08-24,Wallet,162
2023-08-25,Bag,136
2023-08-25,Belt,181
2023-08-25,Custom,196
2023-08-25,Jacket Leather,244
2023-08-25,Shoe Leather,213
2023-08-25,Wallet,170
2023-08-26,Bag,145
2023-08-26,Belt,188
2023-08-26,Custom,195
2023-08-26,Jacket Leather,255
2023-08-26,Shoe Leather,224
2023-08-26,Wallet,175
2023-08-27,Bag,155
2023-08-27,Belt,198
2023-08-27,Custom,206
2023-08-27,Jacket Leather,241
2023-08-27,Shoe Leather,222
2023-08-27,Wallet,170
2023-08-28,Bag,166
2023-08-28,Belt,186
2023-08-28,Custom,200
2023-08-28,Jacket Leather,245
2023-08-28,Shoe Leather,239
2023-08-28,Wallet,189
2023-08-29,Bag,175
2023-08-29,Belt,192
2023-08-29,Custom,201
2023-08-29,Jacket Leather,251
2023-08-29,Shoe Leather,247
2023-08-29,Wallet,196
2023-08-30,Bag,167
2023-08-30,Belt,184
2023-08-30,Custom,223
2023-08-30,Jacket Leather,267
2023-08-30,Shoe Leather,242
2023-08-30,Wallet,196
2023-08-31,Bag,181
2023-08-31,Belt,198
2023-08-31,Custom,227
2023-08-31,Jacket Leather,250
2023-08-31,Shoe Leather,250
2023-08-31,Wallet,187
2023-09-01,Bag,175
2023-09-01,Belt,226
2023-09-01,Custom,217
2023-09-01,Jacket Leather,266
2023-09-01,Shoe Leather,271
2023-09-01,Wallet,226
2023-09-02,Bag,180
2023-09-02,Belt,209
2023-09-02,Custom,237
2023-09-02,Jacket Leather,276
2023-09-02,Shoe Leather,241
2023-09-02,Wallet,215
2023-09-03,Bag,175
2023-09-03,Belt,212
2023-09-03,Custom,225
2023-09-03,Jacket Leather,274
2023-09-03,Shoe Leather,243
2023-09-03,Wallet,239
2023-09-04,Bag,182
2023-09-04,Belt,221
2023-09-04,Custom,236
2023-09-04,Jacket Leather,273
2023-09-04,Shoe Leather,265
2023-09-04,Wallet,206
2023-09-05,Bag,178
2023-09-05,Belt,202
2023-09-05,Custom,243
2023-09-05,Jacket Leather,283
2023-09-05,Shoe Leather,278
2023-09-05,Wallet,225
2023-09-06,Bag,183
2023-09-06,Belt,228
2023-09-06,Custom,234
2023-09-06,Jacket Leather,246
2023-09-06,Shoe Leather,256
2023-09-06,Wallet,224
2023-09-07,Bag,202
2023-09-07,Belt,231
2023-09-07,Custom,239
2023-09-07,Jacket Leather,279
2023-09-07,Shoe Leather,276
2023-09-07,Wallet,212
2023-09-08,Bag,181
2023-09-08,Belt,221
2023-09-08,Custom,227
2023-09-08,Jacket Leather,264
2023-09-08,Shoe Leather,258
2023-09-08,Wallet,228
2023-09-09,Bag,214
2023-09-09,Belt,231
2023-09-09,Custom,229
2023-09-09,Jacket Leather,251
2023-09-09,Shoe Leather,248
2023-09-09,Wallet,208
2023-09-10,Bag,190
2023-09-10,Belt,199
2023-09-10,Custom,226
2023-09-10,Jacket Leather,271
2023-09-10,Shoe Leather,242
2023-09-10,Wallet,205
2023-09-11,Bag,184
2023-09-11,Belt,227
2023-09-11,Custom,217
2023-09-11,Jacket Leather,276
2023-09-11,Shoe Leather,255
2023-09-11,Wallet,171
2023-09-12,Bag,170
2023-09-12,Belt,198
2023-09-12,Custom,219
2023-09-12,Jacket Leather,258
2023-09-12,Shoe Leather,236
2023-09-12,Wallet,206
2023-09-13,Bag,181
2023-09-13,Belt,188
2023-09-13,Custom,201
2023-09-13,Jacket Leather,265
2023-09-13,Shoe Leather,242
2023-09-13,Wallet,185
2023-09-14,Bag,165
2023-09-14,Belt,195
2023-09-14,Custom,208
2023-09-14,Jacket Leather,267
2023-09-14,Shoe Leather,253
2023-09-14,Wallet,189
2023-09-15,Bag,168
2023-09-15,Belt,212
2023-09-15,Custom,206
2023-09-15,Jacket Leather,261
2023-09-15,Shoe Leather,231
2023-09-15,Wallet,180
2023-09-16,Bag,189
2023-09-16,Belt,190
2023-09-16,Custom,203
2023-09-16,Jacket Leather,261
2023-09-16,Shoe Leather,244
2023-09-16,Wallet,183
2023-09-17,Bag,160
2023-09-17,Belt,178
2023-09-17,Custom,201
2023-09-17,Jacket Leather,249
2023-09-17,Shoe Leather,215
2023-09-17,Wallet,189
2023-09-18,Bag,170
2023-09-18,Belt,172
2023-09-18,Custom,200
2023-09-18,Jacket Leather,240
2023-09-18,Shoe Leather,220
2023-09-18,Wallet,182
2023-09-19,Bag,150
2023-09-19,Belt,183
2023-09-19,Custom,204
2023-09-19,Jacket Leather,222
2023-09-19,Shoe Leather,210
2023-09-19,Wallet,188
2023-09-20,Bag,156
2023-09-20,Belt,163
2023-09-20,Custom,208
2023-09-20,Jacket Leather,235
2023-09-20,Shoe Leather,224
2023-09-20,Wallet,193
2023-09-21,Bag,175
2023-09-21,Belt,171
2023-09-21,Custom,193
2023-09-21,Jacket Leather,229
2023-09-21,Shoe Leather,232
2023-09-21,Wallet,177
2023-09-22,Bag,152
2023-09-22,Belt,200
2023-09-22,Custom,188
2023-09-22,Jacket Leather,261
2023-09-22,Shoe Leather,226
2023-09-22,Wallet,177
2023-09-23,Bag,178
2023-09-23,Belt,200
2023-09-23,Custom,192
2023-09-23,Jacket Leather,239
2023-09-23,Shoe Leather,239
2023-09-23,Wallet,193
2023-09-24,Bag,170
2023-09-24,Belt,188
2023-09-24,Custom,200
2023-09-24,Jacket Leather,245
2023-09-24,Shoe Leather,222
2023-09-24,Wallet,197
2023-09-25,Bag,161
2023-09-25,Belt,188
2023-09-25,Custom,205
2023-09-25,Jacket Leather,253
2023-09-25,Shoe Leather,235
2023-09-25,Wallet,197
2023-09-26,Bag,177
2023-09-26,Belt,197
2023-09-26,Custom,205
2023-09-26,Jacket Leather,251
2023-09-26,Shoe Leather,232
2023-09-26,Wallet,184
2023-09-27,Bag,184
2023-09-27,Belt,225
2023-09-27,Custom,204
2023-09-27,Jacket Leather,272
2023-09-27,Shoe Leather,245
2023-09-27,Wallet,202
2023-09-28,Bag,185
2023-09-28,Belt,210
2023-09-28,Custom,217
2023-09-28,Jacket Leather,253
2023-09-28,Shoe Leather,251
2023-09-28,Wallet,204
2023-09-29,Bag,168
2023-09-29,Belt,219
2023-09-29,Custom,228
2023-09-29,Jacket Leather,266
2023-09-29,Shoe Leather,256
2023-09-29,Wallet,218
2023-09-30,Bag,180
2023-09-30,Belt,212
2023-09-30,Custom,236
2023-09-30,Jacket Leather,261
2023-09-30,Shoe Leather,244
2023-09-30,Wallet,206
2023-10-01,Bag,189
2023-10-01,Belt,219
2023-10-01,Custom,228
2023-10-01,Jacket Leather,259
2023-10-01,Shoe Leather,250
2023-10-01,Wallet,199
2023-10-02,Bag,194
2023-10-02,Belt,228
2023-10-02,Custom,233
2023-10-02,Jacket Leather,270
2023-10-02,Shoe Leather,255
2023-10-02,Wallet,225
2023-10-03,Bag,204
2023-10-03,Belt,226
2023-10-03,Custom,231
2023-10-03,Jacket Leather,278
2023-10-03,Shoe Leather,262
2023-10-03,Wallet,196
2023-10-04,Bag,202
2023-10-04,Belt,207
2023-10-04,Custom,242
2023-10-04,Jacket Leather,276
2023-10-04,Shoe Leather,267
2023-10-04,Wallet,216
2023-10-05,Bag,188
2023-10-05,Belt,240
2023-10-05,Custom,235
2023-10-05,Jacket Leather,275
2023-10-05,Shoe Leather,275
2023-10-05,Wallet,214
2023-10-06,Bag,205
2023-10-06,Belt,222
2023-10-06,Custom,249
2023-10-06,Jacket Leather,268
2023-10-06,Shoe Leather,260
2023-10-06,Wallet,215
2023-10-07,Bag,207
2023-10-07,Belt,248
2023-10-07,Custom,225
2023-10-07,Jacket Leather,281
2023-10-07,Shoe Leather,251
2023-10-07,Wallet,217
2023-10-08,Bag,205
2023-10-08,Belt,233
2023-10-08,Custom,238
2023-10-08,Jacket Leather,265
2023-10-08,Shoe Leather,288
2023-10-08,Wallet,235
2023-10-09,Bag,208
2023-10-09,Belt,224
2023-10-09,Custom,243
2023-10-09,Jacket Leather,285
2023-10-09,Shoe Leather,253
2023-10-09,Wallet,229
2023-10-10,Bag,203
2023-10-10,Belt,225
2023-10-10,Custom,239
2023-10-10,Jacket Leather,276
2023-10-10,Shoe Leather,269
2023-10-10,Wallet,215
2023-10-11,Bag,196
2023-10-11,Belt,217
2023-10-11,Custom,260
2023-10-11,Jacket Leather,257
2023-10-11,Shoe Leather,258
2023-10-11,Wallet,226
2023-10-12,Bag,187
2023-10-12,Belt,209
2023-10-12,Custom,233
2023-10-12,Jacket Leather,265
2023-10-12,Shoe Leather,257
2023-10-12,Wallet,200
2023-10-13,Bag,167
2023-10-13,Belt,212
2023-10-13,Custom,216
2023-10-13,Jacket Leather,257
2023-10-13,Shoe Leather,250
2023-10-13,Wallet,195
2023-10-14,Bag,184
2023-10-14,Belt,215
2023-10-14,Custom,221
2023-10-14,Jacket Leather,264
2023-10-14,Shoe Leather,243
2023-10-14,Wallet,212
2023-10-15,Bag,178
2023-10-15,Belt,198
2023-10-15,Custom,201
2023-10-15,Jacket Leather,270
2023-10-15,Shoe Leather,247
2023-10-15,Wallet,205
2023-10-16,Bag,175
2023-10-16,Belt,193
2023-10-16,Custom,214
2023-10-16,Jacket Leather,235
2023-10-16,Shoe Leather,235
2023-10-16,Wallet,192
2023-10-17,Bag,157
2023-10-17,Belt,193
2023-10-17,Custom,204
2023-10-17,Jacket Leather,252
2023-10-17,Shoe Leather,248
2023-10-17,Wallet,182
2023-10-18,Bag,157
2023-10-18,Belt,204
2023-10-18,Custom,219
2023-10-18,Jacket Leather,247
2023-10-18,Shoe Leather,240
2023-10-18,Wallet,206
2023-10-19,Bag,177
2023-10-19,Belt,207
2023-10-19,Custom,203
2023-10-19,Jacket Leather,254
2023-10-19,Shoe Leather,239
2023-10-19,Wallet,173
2023-10-20,Bag,165
2023-10-20,Belt,196
2023-10-20,Custom,207
2023-10-20,Jacket Leather,249
2023-10-20,Shoe Leather,227
2023-10-20,Wallet,183
2023-10-21,Bag,173
2023-10-21,Belt,198
2023-10-21,Custom,202
2023-10-21,Jacket Leather,239
2023-10-21,Shoe Leather,230
2023-10-21,Wallet,192
2023-10-22,Bag,167
2023-10-22,Belt,188
2023-10-22,Custom,227
2023-10-22,Jacket Leather,245
2023-10-22,Shoe Leather,222
2023-10-22,Wallet,209
2023-10-23,Bag,169
2023-10-23,Belt,205
2023-10-23,Custom,208
2023-10-23,Jacket Leather,242
2023-10-23,Shoe Leather,232
2023-10-23,Wallet,197
2023-10-24,Bag,181
2023-10-24,Belt,204
2023-10-24,Custom,233
2023-10-24,Jacket Leather,263
2023-10-24,Shoe Leather,228
2023-10-24,Wallet,200
2023-10-25,Bag,170
2023-10-25,Belt,195
2023-10-25,Custom,226
2023-10-25,Jacket Leather,256
2023-10-25,Shoe Leather,255
2023-10-25,Wallet,193
2023-10-26,Bag,180
2023-10-26,Belt,188
2023-10-26,Custom,226
2023-10-26,Jacket Leather,279
2023-10-26,Shoe Leather,247
2023-10-26,Wallet,208
2023-10-27,Bag,179
2023-10-27,Belt,198
2023-10-27,Custom,230
2023-10-27,Jacket Leather,264
2023-10-27,Shoe Leather,252
2023-10-27,Wallet,208
2023-10-28,Bag,184
2023-10-28,Belt,208
2023-10-28,Custom,234
2023-10-28,Jacket Leather,262
2023-10-28,Shoe Leather,253
2023-10-28,Wallet,196
2023-10-29,Bag,189
2023-10-29,Belt,231
2023-10-29,Custom,216
2023-10-29,Jacket Leather,258
2023-10-29,Shoe Leather,261
2023-10-29,Wallet,224
2023-10-30,Bag,199
2023-10-30,Belt,239
2023-10-30,Custom,236
2023-10-30,Jacket Leather,259
2023-10-30,Shoe Leather,288
2023-10-30,Wallet,230
2023-10-31,Bag,196
2023-10-31,Belt,223
2023-10-31,Custom,251
2023-10-31,Jacket Leather,266
2023-10-31,Shoe Leather,264
2023-10-31,Wallet,232
2023-11-01,Bag,217
2023-11-01,Belt,227
2023-11-01,Custom,246
2023-11-01,Jacket Leather,287
2023-11-01,Shoe Leather,264
2023-11-01,Wallet,228
2023-11-02,Bag,198
2023-11-02,Belt,236
2023-11-02,Custom,235
2023-11-02,Jacket Leather,293
2023-11-02,Shoe Leather,279
2023-11-02,Wallet,221
2023-11-03,Bag,207
2023-11-03,Belt,236
2023-11-03,Custom,251
2023-11-03,Jacket Leather,274
2023-11-03,Shoe Leather,250
2023-11-03,Wallet,209
2023-11-04,Bag,206
2023-11-04,Belt,246
2023-11-04,Custom,269
2023-11-04,Jacket Leather,300
2023-11-04,Shoe Leather,277
2023-11-04,Wallet,235
2023-11-05,Bag,225
2023-11-05,Belt,232
2023-11-05,Custom,265
2023-11-05,Jacket Leather,286
2023-11-05,Shoe Leather,273
2023-11-05,Wallet,245
2023-11-06,Bag,212
2023-11-06,Belt,246
2023-11-06,Custom,251
2023-11-06,Jacket Leather,292
2023-11-06,Shoe Leather,267
2023-11-06,Wallet,243
2023-11-07,Bag,219
2023-11-07,Belt,233
2023-11-07,Custom,260
2023-11-07,Jacket Leather,305
2023-11-07,Shoe Leather,280
2023-11-07,Wallet,240
2023-11-08,Bag,191
2023-11-08,Belt,241
2023-11-08,Custom,245
2023-11-08,Jacket Leather,296
2023-11-08,Shoe Leather,273
2023-11-08,Wallet,229
2023-11-09,Bag,206
2023-11-09,Belt,227
2023-11-09,Custom,229
2023-11-09,Jacket Leather,281
2023-11-09,Shoe Leather,252
2023-11-09,Wallet,238
2023-11-10,Bag,209
2023-11-10,Belt,221
2023-11-10,Custom,233
2023-11-10,Jacket Leather,272
2023-11-10,Shoe Leather,260
2023-11-10,Wallet,233
2023-11-11,Bag,197
2023-11-11,Belt,242
2023-11-11,Custom,254
2023-11-11,Jacket Leather,256
2023-11-11,Shoe Leather,234
2023-11-11,Wallet,216
2023-11-12,Bag,203
2023-11-12,Belt,230
2023-11-12,Custom,232
2023-11-12,Jacket Leather,266
2023-11-12,Shoe Leather,262
2023-11-12,Wallet,223
2023-11-13,Bag,184
2023-11-13,Belt,197
2023-11-13,Custom,229
2023-11-13,Jacket Leather,267
2023-11-13,Shoe Leather,258
2023-11-13,Wallet,207
2023-11-14,Bag,199
2023-11-14,Belt,207
2023-11-14,Custom,224
2023-11-14,Jacket Leather,256
2023-11-14,Shoe Leather,244
2023-11-14,Wallet,214
2023-11-15,Bag,205
2023-11-15,Belt,220
2023-11-15,Custom,243
2023-11-15,Jacket Leather,261
2023-11-15,Shoe Leather,254
2023-11-15,Wallet,192
2023-11-16,Bag,175
2023-11-16,Belt,194
2023-11-16,Custom,237
2023-11-16,Jacket Leather,260
2023-11-16,Shoe Leather,233
2023-11-16,Wallet,190
2023-11-17,Bag,172
2023-11-17,Belt,211
2023-11-17,Custom,241
2023-11-17,Jacket Leather,255
2023-11-17,Shoe Leather,234
2023-11-17,Wallet,211
2023-11-18,Bag,190
2023-11-18,Belt,209
2023-11-18,Custom,216
2023-11-18,Jacket Leather,249
2023-11-18,Shoe Leather,246
2023-11-18,Wallet,208
2023-11-19,Bag,191
2023-11-19,Belt,194
2023-11-19,Custom,220
2023-11-19,Jacket Leather,257
2023-11-19,Shoe Leather,235
2023-11-19,Wallet,205
2023-11-20,Bag,170
2023-11-20,Belt,202
2023-11-20,Custom,202
2023-11-20,Jacket Leather,260
2023-11-20,Shoe Leather,241
2023-11-20,Wallet,199
2023-11-21,Bag,172
2023-11-21,Belt,182
2023-11-21,Custom,233
2023-11-21,Jacket Leather,246
2023-11-21,Shoe Leather,237
2023-11-21,Wallet,176
2023-11-22,Bag,175
2023-11-22,Belt,223
2023-11-22,Custom,209
2023-11-22,Jacket Leather,273
2023-11-22,Shoe Leather,241
2023-11-22,Wallet,201
2023-11-23,Bag,168
2023-11-23,Belt,204
2023-11-23,Custom,225
2023-11-23,Jacket Leather,261
2023-11-23,Shoe Leather,244
2023-11-23,Wallet,209
2023-11-24,Bag,175
2023-11-24,Belt,219
2023-11-24,Custom,216
2023-11-24,Jacket Leather,265
2023-11-24,Shoe Leather,244
2023-11-24,Wallet,203
2023-11-25,Bag,178
2023-11-25,Belt,221
2023-11-25,Custom,225
2023-11-25,Jacket Leather,276
2023-11-25,Shoe Leather,258
2023-11-25,Wallet,205
2023-11-26,Bag,185
2023-11-26,Belt,233
2023-11-26,Custom,227
2023-11-26,Jacket Leather,276
2023-11-26,Shoe Leather,253
2023-11-26,Wallet,231
2023-11-27,Bag,197
2023-11-27,Belt,219
2023-11-27,Custom,233
2023-11-27,Jacket Leather,287
2023-11-27,Shoe Leather,264
2023-11-27,Wallet,220
2023-11-28,Bag,204
2023-11-28,Belt,230
2023-11-28,Custom,238
2023-11-28,Jacket Leather,285
2023-11-28,Shoe Leather,261
2023-11-28,Wallet,230
2023-11-29,Bag,221
2023-11-29,Belt,238
2023-11-29,Custom,243
2023-11-29,Jacket Leather,280
2023-11-29,Shoe Leather,257
2023-11-29,Wallet,237
2023-11-30,Bag,200
2023-11-30,Belt,245
2023-11-30,Custom,260
2023-11-30,Jacket Leather,294
2023-11-30,Shoe Leather,286
2023-11-30,Wallet,223
2023-12-01,Bag,223
2023-12-01,Belt,251
2023-12-01,Custom,244
2023-12-01,Jacket Leather,282
2023-12-01,Shoe Leather,285
2023-12-01,Wallet,239
2023-12-02,Bag,214
2023-12-02,Belt,238
2023-12-02,Custom,260
2023-12-02,Jacket Leather,298
2023-12-02,Shoe Leather,305
2023-12-02,Wallet,253
2023-12-03,Bag,217
2023-12-03,Belt,238
2023-12-03,Custom,272
2023-12-03,Jacket Leather,298
2023-12-03,Shoe Leather,274
2023-12-03,Wallet,260
2023-12-04,Bag,226
2023-12-04,Belt,259
2023-12-04,Custom,256
2023-12-04,Jacket Leather,298
2023-12-04,Shoe Leather,284
2023-12-04,Wallet,243
2023-12-05,Bag,208
2023-12-05,Belt,226
2023-12-05,Custom,254
2023-12-05,Jacket Leather,299
2023-12-05,Shoe Leather,285
2023-12-05,Wallet,240
2023-12-06,Bag,223
2023-12-06,Belt,261
2023-12-06,Custom,259
2023-12-06,Jacket Leather,281
2023-12-06,Shoe Leather,295
2023-12-06,Wallet,245
2023-12-07,Bag,219
2023-12-07,Belt,241
2023-12-07,Custom,271
2023-12-07,Jacket Leather,293
2023-12-07,Shoe Leather,279
2023-12-07,Wallet,243
2023-12-08,Bag,220
2023-12-08,Belt,242
2023-12-08,Custom,259
2023-12-08,Jacket Leather,297
2023-12-08,Shoe Leather,270
2023-12-08,Wallet,253
2023-12-09,Bag,215
2023-12-09,Belt,232
2023-12-09,Custom,249
2023-12-09,Jacket Leather,295
2023-12-09,Shoe Leather,291
2023-12-09,Wallet,226
2023-12-10,Bag,234
2023-12-10,Belt,235
2023-12-10,Custom,256
2023-12-10,Jacket Leather,279
2023-12-10,Shoe Leather,273
2023-12-10,Wallet,230
2023-12-11,Bag,199
2023-12-11,Belt,245
2023-12-11,Custom,237
2023-12-11,Jacket Leather,299
2023-12-11,Shoe Leather,281
2023-12-11,Wallet,218
2023-12-12,Bag,196
2023-12-12,Belt,236
2023-12-12,Custom,251
2023-12-12,Jacket Leather,274
2023-12-12,Shoe Leather,276
2023-12-12,Wallet,215
2023-12-13,Bag,191
2023-12-13,Belt,229
2023-12-13,Custom,244
2023-12-13,Jacket Leather,288
2023-12-13,Shoe Leather,264
2023-12-13,Wallet,225
2023-12-14,Bag,188
2023-12-14,Belt,222
2023-12-14,Custom,233
2023-12-14,Jacket Leather,279
2023-12-14,Shoe Leather,259
2023-12-14,Wallet,226
2023-12-15,Bag,184
2023-12-15,Belt,203
2023-12-15,Custom,225
2023-12-15,Jacket Leather,265
2023-12-15,Shoe Leather,254
2023-12-15,Wallet,208
2023-12-16,Bag,200
2023-12-16,Belt,206
2023-12-16,Custom,221
2023-12-16,Jacket Leather,286
2023-12-16,Shoe Leather,254
2023-12-16,Wallet,219
2023-12-17,Bag,200
2023-12-17,Belt,209
2023-12-17,Custom,233
2023-12-17,Jacket Leather,254
2023-12-17,Shoe Leather,261
2023-12-17,Wallet,220
2023-12-18,Bag,179
2023-12-18,Belt,216
2023-12-18,Custom,239
2023-12-18,Jacket Leather,274
2023-12-18,Shoe Leather,243
2023-12-18,Wallet,227
2023-12-19,Bag,175
2023-12-19,Belt,211
2023-12-19,Custom,220
2023-12-19,Jacket Leather,274
2023-12-19,Shoe Leather,252
2023-12-19,Wallet,208
2023-12-20,Bag,189
2023-12-20,Belt,221
2023-12-20,Custom,231
2023-12-20,Jacket Leather,258
2023-12-20,Shoe Leather,240
2023-12-20,Wallet,201
2023-12-21,Bag,180
2023-12-21,Belt,217
2023-12-21,Custom,207
2023-12-21,Jacket Leather,280
2023-12-21,Shoe Leather,242
2023-12-21,Wallet,199
2023-12-22,Bag,194
2023-12-22,Belt,214
2023-12-22,Custom,224
2023-12-22,Jacket Leather,265
2023-12-22,Shoe Leather,254
2023-12-22,Wallet,200
2023-12-23,Bag,192
2023-12-23,Belt,239
2023-12-23,Custom,232
2023-12-23,Jacket Leather,274
2023-12-23,Shoe Leather,237
2023-12-23,Wallet,226
2023-12-24,Bag,178
2023-12-24,Belt,224
2023-12-24,Custom,227
2023-12-24,Jacket Leather,277
2023-12-24,Shoe Leather,281
2023-12-24,Wallet,202
2023-12-25,Bag,213
2023-12-25,Belt,220
2023-12-25,Custom,230
2023-12-25,Jacket Leather,277
2023-12-25,Shoe Leather,252
2023-12-25,Wallet,233
2023-12-26,Bag,220
2023-12-26,Belt,247
2023-12-26,Custom,237
2023-12-26,Jacket Leather,290
2023-12-26,Shoe Leather,268
2023-12-26,Wallet,216
2023-12-27,Bag,200
2023-12-27,Belt,245
2023-12-27,Custom,251
2023-12-27,Jacket Leather,295
2023-12-27,Shoe Leather,284
2023-12-27,Wallet,223
2023-12-28,Bag,207
2023-12-28,Belt,255
2023-12-28,Custom,251
2023-12-28,Jacket Leather,274
2023-12-28,Shoe Leather,269
2023-12-28,Wallet,233
2023-12-29,Bag,218
2023-12-29,Belt,240
2023-12-29,Custom,235
2023-12-29,Jacket Leather,309
2023-12-29,Shoe Leather,259
2023-12-29,Wallet,231
2023-12-30,Bag,222
2023-12-30,Belt,255
2023-12-30,Custom,240
2023-12-30,Jacket Leather,283
2023-12-30,Shoe Leather,281
2023-12-30,Wallet,252
2023-12-31,Bag,229
2023-12-31,Belt,234
2023-12-31,Custom,258
2023-12-31,Jacket Leather,313
2023-12-31,Shoe Leather,280
2023-12-31,Wallet,264
2024-01-01,Bag,245
2024-01-01,Belt,259
2024-01-01,Custom,272
2024-01-01,Jacket Leather,317
2024-01-01,Shoe Leather,269
2024-01-01,Wallet,242
2024-01-02,Bag,225
2024-01-02,Belt,252
2024-01-02,Custom,242
2024-01-02,Jacket Leather,297
2024-01-02,Shoe Leather,296
2024-01-02,Wallet,246
2024-01-03,Bag,220
2024-01-03,Belt,241
2024-01-03,Custom,265
2024-01-03,Jacket Leather,305
2024-01-03,Shoe Leather,297
2024-01-03,Wallet,250
2024-01-04,Bag,215
2024-01-04,Belt,265
2024-01-04,Custom,265
2024-01-04,Jacket Leather,298
2024-01-04,Shoe Leather,307
2024-01-04,Wallet,257
2024-01-05,Bag,220
2024-01-05,Belt,236
2024-01-05,Custom,284
2024-01-05,Jacket Leather,306
2024-01-05,Shoe Leather,283
2024-01-05,Wallet,250
2024-01-06,Bag,226
2024-01-06,Belt,234
2024-01-06,Custom,265
2024-01-06,Jacket Leather,304
2024-01-06,Shoe Leather,277
2024-01-06,Wallet,264
2024-01-07,Bag,242
2024-01-07,Belt,254
2024-01-07,Custom,270
2024-01-07,Jacket Leather,313
2024-01-07,Shoe Leather,287
2024-01-07,Wallet,259
2024-01-08,Bag,216
2024-01-08,Belt,254
2024-01-08,Custom,265
2024-01-08,Jacket Leather,315
2024-01-08,Shoe Leather,287
2024-01-08,Wallet,233
2024-01-09,Bag,220
2024-01-09,Belt,254
2024-01-09,Custom,239
2024-01-09,Jacket Leather,313
2024-01-09,Shoe Leather,294
2024-01-09,Wallet,247
2024-01-10,Bag,214
2024-01-10,Belt,248
2024-01-10,Custom,264
2024-01-10,Jacket Leather,289
2024-01-10,Shoe Leather,295
2024-01-10,Wallet,253
2024-01-11,Bag,222
2024-01-11,Belt,252
2024-01-11,Custom,255
2024-01-11,Jacket Leather,289
2024-01-11,Shoe Leather,289
2024-01-11,Wallet,229
2024-01-12,Bag,232
2024-01-12,Belt,240
2024-01-12,Custom,254
2024-01-12,Jacket Leather,271
2024-01-12,Shoe Leather,276
2024-01-12,Wallet,227
2024-01-13,Bag,198
2024-01-13,Belt,228
2024-01-13,Custom,285
2024-01-13,Jacket Leather,276
2024-01-13,Shoe Leather,278
2024-01-13,Wallet,221
2024-01-14,Bag,195
2024-01-14,Belt,226
2024-01-14,Custom,221
2024-01-14,Jacket Leather,290
2024-01-14,Shoe Leather,260
2024-01-14,Wallet,218
2024-01-15,Bag,207
2024-01-15,Belt,221
2024-01-15,Custom,256
2024-01-15,Jacket Leather,294
2024-01-15,Shoe Leather,265
2024-01-15,Wallet,204
2024-01-16,Bag,202
2024-01-16,Belt,224
2024-01-16,Custom,234
2024-01-16,Jacket Leather,263
2024-01-16,Shoe Leather,250
2024-01-16,Wallet,205
2024-01-17,Bag,212
2024-01-17,Belt,209
2024-01-17,Custom,239
2024-01-17,Jacket Leather,268
2024-01-17,Shoe Leather,261
2024-01-17,Wallet,218
2024-01-18,Bag,199
2024-01-18,Belt,223
2024-01-18,Custom,235
2024-01-18,Jacket Leather,273
2024-01-18,Shoe Leather,260
2024-01-18,Wallet,231
2024-01-19,Bag,189
2024-01-19,Belt,219
2024-01-19,Custom,231
2024-01-19,Jacket Leather,277
2024-01-19,Shoe Leather,277
2024-01-19,Wallet,210
2024-01-20,Bag,200
2024-01-20,Belt,224
2024-01-20,Custom,231
2024-01-20,Jacket Leather,267
2024-01-20,Shoe Leather,259
2024-01-20,Wallet,211
2024-01-21,Bag,207
2024-01-21,Belt,226
2024-01-21,Custom,242
2024-01-21,Jacket Leather,281
2024-01-21,Shoe Leather,264
2024-01-21,Wallet,237
2024-01-22,Bag,207
2024-01-22,Belt,201
2024-01-22,Custom,226
2024-01-22,Jacket Leather,275
2024-01-22,Shoe Leather,268
2024-01-22,Wallet,211
2024-01-23,Bag,207
2024-01-23,Belt,220
2024-01-23,Custom,252
2024-01-23,Jacket Leather,283
2024-01-23,Shoe Leather,265
2024-01-23,Wallet,209
2024-01-24,Bag,217
2024-01-24,Belt,232
2024-01-24,Custom,245
2024-01-24,Jacket Leather,292
2024-01-24,Shoe Leather,265
2024-01-24,Wallet,222
2024-01-25,Bag,222
2024-01-25,Belt,237
2024-01-25,Custom,242
2024-01-25,Jacket Leather,291
2024-01-25,Shoe Leather,290
2024-01-25,Wallet,228
2024-01-26,Bag,229
2024-01-26,Belt,244
2024-01-26,Custom,253
2024-01-26,Jacket Leather,291
2024-01-26,Shoe Leather,272
2024-01-26,Wallet,221
2024-01-27,Bag,226
2024-01-27,Belt,249
2024-01-27,Custom,274
2024-01-27,Jacket Leather,299
2024-01-27,Shoe Leather,273
2024-01-27,Wallet,242
2024-01-28,Bag,222
2024-01-28,Belt,266
2024-01-28,Custom,261
2024-01-28,Jacket Leather,304
2024-01-28,Shoe Leather,297
2024-01-28,Wallet,257
2024-01-29,Bag,229
2024-01-29,Belt,257
2024-01-29,Custom,274
2024-01-29,Jacket Leather,305
2024-01-29,Shoe Leather,306
2024-01-29,Wallet,238
2024-01-30,Bag,243
2024-01-30,Belt,255
2024-01-30,Custom,266
2024-01-30,Jacket Leather,309
2024-01-30,Shoe Leather,293
2024-01-30,Wallet,256
2024-01-31,Bag,226
2024-01-31,Belt,245
2024-01-31,Custom,284
2024-01-31,Jacket Leather,331
2024-01-31,Shoe Leather,296
2024-01-31,Wallet,261
2024-02-01,Bag,240
2024-02-01,Belt,249
2024-02-01,Custom,285
2024-02-01,Jacket Leather,322
2024-02-01,Shoe Leather,305
2024-02-01,Wallet,259
2024-02-02,Bag,233
2024-02-02,Belt,269
2024-02-02,Custom,298
2024-02-02,Jacket Leather,315
2024-02-02,Shoe Leather,297
2024-02-02,Wallet,262
2024-02-03,Bag,238
2024-02-03,Belt,275
2024-02-03,Custom,278
2024-02-03,Jacket Leather,325
2024-02-03,Shoe Leather,296
2024-02-03,Wallet,263
2024-02-04,Bag,250
2024-02-04,Belt,279
2024-02-04,Custom,286
2024-02-04,Jacket Leather,314
2024-02-04,Shoe Leather,312
2024-02-04,Wallet,252
2024-02-05,Bag,237
2024-02-05,Belt,254
2024-02-05,Custom,279
2024-02-05,Jacket Leather,328
2024-02-05,Shoe Leather,308
2024-02-05,Wallet,274
2024-02-06,Bag,234
2024-02-06,Belt,257
2024-02-06,Custom,289
2024-02-06,Jacket Leather,318
2024-02-06,Shoe Leather,313
2024-02-06,Wallet,269
2024-02-07,Bag,217
2024-02-07,Belt,259
2024-02-07,Custom,266
2024-02-07,Jacket Leather,310
2024-02-07,Shoe Leather,285
2024-02-07,Wallet,266
2024-02-08,Bag,235
2024-02-08,Belt,274
2024-02-08,Custom,277
2024-02-08,Jacket Leather,312
2024-02-08,Shoe Leather,289
2024-02-08,Wallet,261
2024-02-09,Bag,230
2024-02-09,Belt,251
2024-02-09,Custom,264
2024-02-09,Jacket Leather,288
2024-02-09,Shoe Leather,293
2024-02-09,Wallet,231
2024-02-10,Bag,241
2024-02-10,Belt,262
2024-02-10,Custom,261
2024-02-10,Jacket Leather,289
2024-02-10,Shoe Leather,277
2024-02-10,Wallet,252
2024-02-11,Bag,213
2024-02-11,Belt,244
2024-02-11,Custom,259
2024-02-11,Jacket Leather,284
2024-02-11,Shoe Leather,289
2024-02-11,Wallet,246
2024-02-12,Bag,214
2024-02-12,Belt,250
2024-02-12,Custom,257
2024-02-12,Jacket Leather,294
2024-02-12,Shoe Leather,291
2024-02-12,Wallet,220
2024-02-13,Bag,211
2024-02-13,Belt,246
2024-02-13,Custom,250
2024-02-13,Jacket Leather,307
2024-02-13,Shoe Leather,270
2024-02-13,Wallet,230
2024-02-14,Bag,222
2024-02-14,Belt,234
2024-02-14,Custom,250
2024-02-14,Jacket Leather,309
2024-02-14,Shoe Leather,273
2024-02-14,Wallet,232
2024-02-15,Bag,203
2024-02-15,Belt,220
2024-02-15,Custom,262
2024-02-15,Jacket Leather,291
2024-02-15,Shoe Leather,285
2024-02-15,Wallet,244
2024-02-16,Bag,205
2024-02-16,Belt,226
2024-02-16,Custom,255
2024-02-16,Jacket Leather,288
2024-02-16,Shoe Leather,287
2024-02-16,Wallet,233
2024-02-17,Bag,208
2024-02-17,Belt,243
2024-02-17,Custom,253
2024-02-17,Jacket Leather,264
2024-02-17,Shoe Leather,276
2024-02-17,Wallet,217
2024-02-18,Bag,204
2024-02-18,Belt,237
2024-02-18,Custom,240
2024-02-18,Jacket Leather,277
2024-02-18,Shoe Leather,275
2024-02-18,Wallet,243
2024-02-19,Bag,199
2024-02-19,Belt,226
2024-02-19,Custom,237
2024-02-19,Jacket Leather,276
2024-02-19,Shoe Leather,261
2024-02-19,Wallet,227
2024-02-20,Bag,207
2024-02-20,Belt,228
2024-02-20,Custom,257
2024-02-20,Jacket Leather,280
2024-02-20,Shoe Leather,276
2024-02-20,Wallet,226
2024-02-21,Bag,219
2024-02-21,Belt,217
2024-02-21,Custom,259
2024-02-21,Jacket Leather,287
2024-02-21,Shoe Leather,280
2024-02-21,Wallet,228
2024-02-22,Bag,201
2024-02-22,Belt,252
2024-02-22,Custom,268
2024-02-22,Jacket Leather,287
2024-02-22,Shoe Leather,276
2024-02-22,Wallet,219
2024-02-23,Bag,217
2024-02-23,Belt,251
2024-02-23,Custom,252
2024-02-23,Jacket Leather,276
2024-02-23,Shoe Leather,276
2024-02-23,Wallet,238
2024-02-24,Bag,213
2024-02-24,Belt,245
2024-02-24,Custom,260
2024-02-24,Jacket Leather,308
2024-02-24,Shoe Leather,274
2024-02-24,Wallet,248
2024-02-25,Bag,236
2024-02-25,Belt,253
2024-02-25,Custom,250
2024-02-25,Jacket Leather,294
2024-02-25,Shoe Leather,273
2024-02-25,Wallet,244
2024-02-26,Bag,213
2024-02-26,Belt,233
2024-02-26,Custom,267
2024-02-26,Jacket Leather,312
2024-02-26,Shoe Leather,276
2024-02-26,Wallet,256
2024-02-27,Bag,227
2024-02-27,Belt,255
2024-02-27,Custom,285
2024-02-27,Jacket Leather,334
2024-02-27,Shoe Leather,305
2024-02-27,Wallet,248
2024-02-28,Bag,241
2024-02-28,Belt,277
2024-02-28,Custom,274
2024-02-28,Jacket Leather,308
2024-02-28,Shoe Leather,305
2024-02-28,Wallet,259
2024-02-29,Bag,256
2024-02-29,Belt,277
2024-02-29,Custom,289
2024-02-29,Jacket Leather,296
2024-02-29,Shoe Leather,302
2024-02-29,Wallet,267
2024-03-01,Bag,242
2024-03-01,Belt,273
2024-03-01,Custom,283
2024-03-01,Jacket Leather,321
2024-03-01,Shoe Leather,306
2024-03-01,Wallet,268
2024-03-02,Bag,239
2024-03-02,Belt,271
2024-03-02,Custom,290
2024-03-02,Jacket Leather,337
2024-03-02,Shoe Leather,314
2024-03-02,Wallet,252
2024-03-03,Bag,265
2024-03-03,Belt,281
2024-03-03,Custom,277
2024-03-03,Jacket Leather,346
2024-03-03,Shoe Leather,311
2024-03-03,Wallet,265
2024-03-04,Bag,232
2024-03-04,Belt,270
2024-03-04,Custom,290
2024-03-04,Jacket Leather,315
2024-03-04,Shoe Leather,300
2024-03-04,Wallet,287
2024-03-05,Bag,224
2024-03-05,Belt,256
2024-03-05,Custom,258
2024-03-05,Jacket Leather,331
2024-03-05,Shoe Leather,322
2024-03-05,Wallet,264
2024-03-06,Bag,249
2024-03-06,Belt,271
2024-03-06,Custom,285
2024-03-06,Jacket Leather,320
2024-03-06,Shoe Leather,314
2024-03-06,Wallet,268
2024-03-07,Bag,237
2024-03-07,Belt,273
2024-03-07,Custom,268
2024-03-07,Jacket Leather,322
2024-03-07,Shoe Leather,312
2024-03-07,Wallet,265
2024-03-08,Bag,229
2024-03-08,Belt,277
2024-03-08,Custom,294
2024-03-08,Jacket Leather,347
2024-03-08,Shoe Leather,315
2024-03-08,Wallet,279
2024-03-09,Bag,243
2024-03-09,Belt,248
2024-03-09,Custom,286
2024-03-09,Jacket Leather,302
2024-03-09,Shoe Leather,295
2024-03-09,Wallet,273
2024-03-10,Bag,235
2024-03-10,Belt,258
2024-03-10,Custom,279
2024-03-10,Jacket Leather,316
2024-03-10,Shoe Leather,311
2024-03-10,Wallet,264
2024-03-11,Bag,223
2024-03-11,Belt,254
2024-03-11,Custom,286
2024-03-11,Jacket Leather,314
2024-03-11,Shoe Leather,294
2024-03-11,Wallet,242
2024-03-12,Bag,212
2024-03-12,Belt,240
2024-03-12,Custom,258
2024-03-12,Jacket Leather,316
2024-03-12,Shoe Leather,300
2024-03-12,Wallet,252
2024-03-13,Bag,230
2024-03-13,Belt,253
2024-03-13,Custom,281
2024-03-13,Jacket Leather,303
2024-03-13,Shoe Leather,295
2024-03-13,Wallet,250
2024-03-14,Bag,224
2024-03-14,Belt,252
2024-03-14,Custom,269
2024-03-14,Jacket Leather,301
2024-03-14,Shoe Leather,274
2024-03-14,Wallet,234
2024-03-15,Bag,214
2024-03-15,Belt,239
2024-03-15,Custom,255
2024-03-15,Jacket Leather,292
2024-03-15,Shoe Leather,287
2024-03-15,Wallet,230
2024-03-16,Bag,231
2024-03-16,Belt,260
2024-03-16,Custom,266
2024-03-16,Jacket Leather,296
2024-03-16,Shoe Leather,283
2024-03-16,Wallet,253
2024-03-17,Bag,201
2024-03-17,Belt,235
2024-03-17,Custom,243
2024-03-17,Jacket Leather,289
2024-03-17,Shoe Leather,278
2024-03-17,Wallet,232
2024-03-18,Bag,196
2024-03-18,Belt,233
2024-03-18,Custom,245
2024-03-18,Jacket Leather,298
2024-03-18,Shoe Leather,277
2024-03-18,Wallet,250
2024-03-19,Bag,204
2024-03-19,Belt,233
2024-03-19,Custom,247
2024-03-19,Jacket Leather,288
2024-03-19,Shoe Leather,277
2024-03-19,Wallet,245
2024-03-20,Bag,212
2024-03-20,Belt,231
2024-03-20,Custom,249
2024-03-20,Jacket Leather,297
2024-03-20,Shoe Leather,287
2024-03-20,Wallet,240
2024-03-21,Bag,217
2024-03-21,Belt,235
2024-03-21,Custom,246
2024-03-21,Jacket Leather,295
2024-03-21,Shoe Leather,287
2024-03-21,Wallet,242
2024-03-22,Bag,215
2024-03-22,Belt,229
2024-03-22,Custom,272
2024-03-22,Jacket Leather,309
2024-03-22,Shoe Leather,284
2024-03-22,Wallet,227
2024-03-23,Bag,224
2024-03-23,Belt,245
2024-03-23,Custom,260
2024-03-23,Jacket Leather,301
2024-03-23,Shoe Leather,272
2024-03-23,Wallet,246
2024-03-24,Bag,212
2024-03-24,Belt,252
2024-03-24,Custom,270
2024-03-24,Jacket Leather,287
2024-03-24,Shoe Leather,296
2024-03-24,Wallet,262
2024-03-25,Bag,243
2024-03-25,Belt,232
2024-03-25,Custom,265
2024-03-25,Jacket Leather,322
2024-03-25,Shoe Leather,303
2024-03-25,Wallet,259
2024-03-26,Bag,232
2024-03-26,Belt,259
2024-03-26,Custom,257
2024-03-26,Jacket Leather,305
2024-03-26,Shoe Leather,323
2024-03-26,Wallet,258
2024-03-27,Bag,249
2024-03-27,Belt,265
2024-03-27,Custom,283
2024-03-27,Jacket Leather,312
2024-03-27,Shoe Leather,315
2024-03-27,Wallet,278
2024-03-28,Bag,245
2024-03-28,Belt,274
2024-03-28,Custom,265
2024-03-28,Jacket Leather,317
2024-03-28,Shoe Leather,290
2024-03-28,Wallet,264
2024-03-29,Bag,250
2024-03-29,Belt,284
2024-03-29,Custom,287
2024-03-29,Jacket Leather,340
2024-03-29,Shoe Leather,313
2024-03-29,Wallet,263
2024-03-30,Bag,255
2024-03-30,Belt,284
2024-03-30,Custom,278
2024-03-30,Jacket Leather,308
2024-03-30,Shoe Leather,334
2024-03-30,Wallet,274
2024-03-31,Bag,256
2024-03-31,Belt,272
2024-03-31,Custom,314
2024-03-31,Jacket Leather,364
2024-03-31,Shoe Leather,325
2024-03-31,Wallet,283
2024-04-01,Bag,260
2024-04-01,Belt,273
2024-04-01,Custom,305
2024-04-01,Jacket Leather,345
2024-04-01,Shoe Leather,324
2024-04-01,Wallet,260
2024-04-02,Bag,268
2024-04-02,Belt,288
2024-04-02,Custom,298
2024-04-02,Jacket Leather,338
2024-04-02,Shoe Leather,331
2024-04-02,Wallet,281
2024-04-03,Bag,257
2024-04-03,Belt,277
2024-04-03,Custom,310
2024-04-03,Jacket Leather,336
2024-04-03,Shoe Leather,316
2024-04-03,Wallet,287
2024-04-04,Bag,262
2024-04-04,Belt,269
2024-04-04,Custom,289
2024-04-04,Jacket Leather,338
2024-04-04,Shoe Leather,326
2024-04-04,Wallet,276
2024-04-05,Bag,253
2024-04-05,Belt,304
2024-04-05,Custom,301
2024-04-05,Jacket Leather,339
2024-04-05,Shoe Leather,318
2024-04-05,Wallet,288
2024-04-06,Bag,266
2024-04-06,Belt,275
2024-04-06,Custom,296
2024-04-06,Jacket Leather,338
2024-04-06,Shoe Leather,318
2024-04-06,Wallet,281
2024-04-07,Bag,242
2024-04-07,Belt,269
2024-04-07,Custom,293
2024-04-07,Jacket Leather,335
2024-04-07,Shoe Leather,324
2024-04-07,Wallet,293
2024-04-08,Bag,263
2024-04-08,Belt,250
2024-04-08,Custom,300
2024-04-08,Jacket Leather,327
2024-04-08,Shoe Leather,303
2024-04-08,Wallet,261
2024-04-09,Bag,241
2024-04-09,Belt,277
2024-04-09,Custom,291
2024-04-09,Jacket Leather,320
2024-04-09,Shoe Leather,321
2024-04-09,Wallet,273
2024-04-10,Bag,223
2024-04-10,Belt,254
2024-04-10,Custom,283
2024-04-10,Jacket Leather,317
2024-04-10,Shoe Leather,300
2024-04-10,Wallet,251
2024-04-11,Bag,235
2024-04-11,Belt,261
2024-04-11,Custom,260
2024-04-11,Jacket Leather,312
2024-04-11,Shoe Leather,303
2024-04-11,Wallet,241
2024-04-12,Bag,223
2024-04-12,Belt,266
2024-04-12,Custom,263
2024-04-12,Jacket Leather,322
2024-04-12,Shoe Leather,283
2024-04-12,Wallet,233
2024-04-13,Bag,235
2024-04-13,Belt,244
2024-04-13,Custom,268
2024-04-13,Jacket Leather,313
2024-04-13,Shoe Leather,301
2024-04-13,Wallet,256
2024-04-14,Bag,217
2024-04-14,Belt,251
2024-04-14,Custom,267
2024-04-14,Jacket Leather,275
2024-04-14,Shoe Leather,305
2024-04-14,Wallet,249
2024-04-15,Bag,217
2024-04-15,Belt,264
2024-04-15,Custom,253
2024-04-15,Jacket Leather,309
2024-04-15,Shoe Leather,283
2024-04-15,Wallet,241
2024-04-16,Bag,202
2024-04-16,Belt,222
2024-04-16,Custom,287
2024-04-16,Jacket Leather,303
2024-04-16,Shoe Leather,276
2024-04-16,Wallet,226
2024-04-17,Bag,215
2024-04-17,Belt,238
2024-04-17,Custom,277
2024-04-17,Jacket Leather,300
2024-04-17,Shoe Leather,289
2024-04-17,Wallet,236
2024-04-18,Bag,196
2024-04-18,Belt,238
2024-04-18,Custom,268
2024-04-18,Jacket Leather,297
2024-04-18,Shoe Leather,301
2024-04-18,Wallet,244
2024-04-19,Bag,205
2024-04-19,Belt,246
2024-04-19,Custom,264
2024-04-19,Jacket Leather,313
2024-04-19,Shoe Leather,274
2024-04-19,Wallet,253
2024-04-20,Bag,231
2024-04-20,Belt,249
2024-04-20,Custom,264
2024-04-20,Jacket Leather,313
2024-04-20,Shoe Leather,279
2024-04-20,Wallet,247
2024-04-21,Bag,234
2024-04-21,Belt,242
2024-04-21,Custom,259
2024-04-21,Jacket Leather,299
2024-04-21,Shoe Leather,288
2024-04-21,Wallet,252
2024-04-22,Bag,234
2024-04-22,Belt,250
2024-04-22,Custom,273
2024-04-22,Jacket Leather,314
2024-04-22,Shoe Leather,288
2024-04-22,Wallet,249
2024-04-23,Bag,224
2024-04-23,Belt,252
2024-04-23,Custom,278
2024-04-23,Jacket Leather,304
2024-04-23,Shoe Leather,292
2024-04-23,Wallet,274
2024-04-24,Bag,237
2024-04-24,Belt,261
2024-04-24,Custom,268
2024-04-24,Jacket Leather,305
2024-04-24,Shoe Leather,283
2024-04-24,Wallet,251
2024-04-25,Bag,242
2024-04-25,Belt,271
2024-04-25,Custom,288
2024-04-25,Jacket Leather,317
2024-04-25,Shoe Leather,315
2024-04-25,Wallet,259
2024-04-26,Bag,235
2024-04-26,Belt,282
2024-04-26,Custom,287
2024-04-26,Jacket Leather,336
2024-04-26,Shoe Leather,317
2024-04-26,Wallet,265
2024-04-27,Bag,266
2024-04-27,Belt,288
2024-04-27,Custom,274
2024-04-27,Jacket Leather,341
2024-04-27,Shoe Leather,301
2024-04-27,Wallet,280
2024-04-28,Bag,264
2024-04-28,Belt,288
2024-04-28,Custom,289
2024-04-28,Jacket Leather,341
2024-04-28,Shoe Leather,336
2024-04-28,Wallet,268
2024-04-29,Bag,256
2024-04-29,Belt,276
2024-04-29,Custom,296
2024-04-29,Jacket Leather,346
2024-04-29,Shoe Leather,342
2024-04-29,Wallet,283
2024-04-30,Bag,261
2024-04-30,Belt,288
2024-04-30,Custom,322
2024-04-30,Jacket Leather,347
2024-04-30,Shoe Leather,320
2024-04-30,Wallet,286
2024-05-01,Bag,265
2024-05-01,Belt,313
2024-05-01,Custom,311
2024-05-01,Jacket Leather,337
2024-05-01,Shoe Leather,341
2024-05-01,Wallet,280
2024-05-02,Bag,244
2024-05-02,Belt,301
2024-05-02,Custom,293
2024-05-02,Jacket Leather,349
2024-05-02,Shoe Leather,325
2024-05-02,Wallet,291
2024-05-03,Bag,262
2024-05-03,Belt,287
2024-05-03,Custom,312
2024-05-03,Jacket Leather,353
2024-05-03,Shoe Leather,333
2024-05-03,Wallet,278
2024-05-04,Bag,257
2024-05-04,Belt,306
2024-05-04,Custom,291
2024-05-04,Jacket Leather,352
2024-05-04,Shoe Leather,322
2024-05-04,Wallet,276
2024-05-05,Bag,252
2024-05-05,Belt,285
2024-05-05,Custom,316
2024-05-05,Jacket Leather,355
2024-05-05,Shoe Leather,351
2024-05-05,Wallet,287
2024-05-06,Bag,257
2024-05-06,Belt,280
2024-05-06,Custom,298
2024-05-06,Jacket Leather,348
2024-05-06,Shoe Leather,324
2024-05-06,Wallet,267
2024-05-07,Bag,275
2024-05-07,Belt,298
2024-05-07,Custom,299
2024-05-07,Jacket Leather,342
2024-05-07,Shoe Leather,326
2024-05-07,Wallet,260
2024-05-08,Bag,261
2024-05-08,Belt,268
2024-05-08,Custom,310
2024-05-08,Jacket Leather,346
2024-05-08,Shoe Leather,314
2024-05-08,Wallet,283
2024-05-09,Bag,245
2024-05-09,Belt,258
2024-05-09,Custom,280
2024-05-09,Jacket Leather,331
2024-05-09,Shoe Leather,336
2024-05-09,Wallet,285
2024-05-10,Bag,252
2024-05-10,Belt,283
2024-05-10,Custom,275
2024-05-10,Jacket Leather,318
2024-05-10,Shoe Leather,332
2024-05-10,Wallet,265
2024-05-11,Bag,257
2024-05-11,Belt,270
2024-05-11,Custom,279
2024-05-11,Jacket Leather,322
2024-05-11,Shoe Leather,326
2024-05-11,Wallet,260
2024-05-12,Bag,248
2024-05-12,Belt,267
2024-05-12,Custom,292
2024-05-12,Jacket Leather,312
2024-05-12,Shoe Leather,315
2024-05-12,Wallet,273
2024-05-13,Bag,236
2024-05-13,Belt,259
2024-05-13,Custom,263
2024-05-13,Jacket Leather,310
2024-05-13,Shoe Leather,296
2024-05-13,Wallet,248
2024-05-14,Bag,227
2024-05-14,Belt,257
2024-05-14,Custom,247
2024-05-14,Jacket Leather,312
2024-05-14,Shoe Leather,308
2024-05-14,Wallet,243
