date,order_id,leather_type,grade,quantity,due_days
2026-01-01,O1860,Sheep,C,171,5
2026-01-01,O6734,Goat,C,314,8
2026-01-01,O9322,Goat,A,869,8
2026-01-01,O7949,Goat,A,260,6
2026-01-01,O7396,Cow,A,574,3
2026-01-01,O2899,Sheep,A,230,5
2026-01-01,O4890,Sheep,A,940,7
2026-01-01,O6393,Cow,B,341,9
2026-01-01,O8513,Cow,B,439,7
2026-01-01,O1775,Sheep,C,305,1
2026-01-01,O2585,Goat,B,489,6
2026-01-02,O4843,Goat,A,802,2
2026-01-02,O7873,Goat,B,369,8
2026-01-02,O8629,Sheep,A,801,8
2026-01-02,O8892,Cow,B,978,5
2026-01-02,O5887,Goat,A,863,9
2026-01-02,O6276,Sheep,A,164,9
2026-01-02,O9006,Cow,A,747,8
2026-01-02,O6258,Sheep,A,491,3
2026-01-02,O6892,Goat,C,140,7
2026-01-02,O9392,Goat,A,147,7
2026-01-02,O3454,Goat,A,198,8
2026-01-02,O9154,Sheep,A,838,5
2026-01-02,O9110,Goat,C,868,5
2026-01-02,O8385,Sheep,C,497,7
2026-01-03,O1206,Sheep,B,653,3
2026-01-03,O1863,Sheep,A,663,4
2026-01-03,O2757,Cow,C,330,4
2026-01-03,O7668,Sheep,C,342,6
2026-01-03,O6915,Goat,B,656,9
2026-01-03,O3693,Goat,B,430,7
2026-01-03,O6592,Sheep,B,324,1
2026-01-03,O2306,Goat,A,727,9
2026-01-03,O8526,Goat,C,748,5
2026-01-03,O1663,Sheep,C,473,8
2026-01-03,O4304,Cow,B,596,4
2026-01-03,O2291,Goat,C,485,3
2026-01-03,O8280,Cow,A,180,1
2026-01-04,O5737,Goat,C,835,1
2026-01-04,O7528,Sheep,B,229,5
2026-01-04,O2707,Goat,B,515,7
2026-01-04,O5931,Sheep,C,283,1
2026-01-04,O9958,Goat,A,983,2
2026-01-04,O1197,Goat,C,610,1
2026-01-05,O5282,Goat,A,870,4
2026-01-05,O3811,Sheep,C,445,3
2026-01-05,O9338,Sheep,A,739,7
2026-01-05,O3385,Cow,C,572,2
2026-01-05,O6534,Goat,B,710,7
2026-01-05,O7287,Goat,A,671,1
2026-01-05,O3049,Cow,B,751,5
2026-01-05,O4108,Sheep,C,108,9
2026-01-05,O4170,Sheep,C,503,8
2026-01-05,O7197,Cow,C,724,8
2026-01-05,O6539,Goat,B,326,9
2026-01-05,O1098,Cow,A,995,2
2026-01-05,O3869,Sheep,A,780,4
2026-01-06,O6699,Cow,B,376,4
2026-01-06,O7015,Sheep,C,500,1
2026-01-06,O5555,Sheep,C,569,7
2026-01-06,O2045,Goat,B,137,6
2026-01-06,O4436,Sheep,B,875,2
2026-01-07,O5893,Cow,C,580,5
2026-01-07,O8996,Sheep,C,291,1
2026-01-07,O8679,Cow,B,576,5
2026-01-07,O2060,Cow,A,401,5
2026-01-07,O1606,Sheep,A,215,5
2026-01-07,O3975,Sheep,A,355,3
2026-01-07,O9319,Goat,A,834,6
2026-01-07,O1569,Sheep,B,891,2
2026-01-07,O8455,Sheep,B,762,2
2026-01-08,O2409,Goat,A,203,1
2026-01-08,O8560,Sheep,B,275,7
2026-01-08,O6596,Goat,C,637,3
2026-01-08,O2841,Cow,A,927,7
2026-01-08,O8992,Cow,A,875,3
2026-01-08,O7614,Sheep,B,933,7
2026-01-08,O1853,Sheep,A,797,6
2026-01-08,O7457,Goat,B,404,4
2026-01-08,O5777,Goat,C,153,5
2026-01-08,O4124,Cow,C,295,6
2026-01-08,O1876,Goat,C,966,7
2026-01-08,O8079,Cow,B,735,3
2026-01-08,O5752,Sheep,C,703,7
2026-01-08,O9932,Goat,A,929,7
2026-01-09,O2931,Cow,A,157,1
2026-01-09,O8805,Goat,A,587,5
2026-01-09,O4343,Cow,C,803,5
2026-01-09,O8004,Sheep,C,175,3
2026-01-09,O8253,Cow,A,319,5
2026-01-09,O3141,Goat,B,552,5
2026-01-09,O8421,Goat,A,122,6
2026-01-09,O3849,Sheep,B,861,3
2026-01-09,O3489,Cow,A,615,8
2026-01-09,O9527,Sheep,B,596,4
2026-01-09,O2687,Goat,C,479,1
2026-01-09,O5000,Cow,C,526,5
2026-01-09,O6387,Sheep,A,516,8
2026-01-10,O2066,Cow,A,111,2
2026-01-10,O9945,Sheep,C,948,8
2026-01-10,O7748,Goat,B,701,2
2026-01-10,O9306,Cow,C,295,5
2026-01-10,O6745,Cow,C,512,8
2026-01-10,O8587,Cow,A,860,4
2026-01-10,O6988,Cow,C,788,3
2026-01-10,O5079,Goat,A,195,8
2026-01-10,O7806,Goat,A,879,1
2026-01-10,O4766,Cow,C,316,3
2026-01-10,O5968,Goat,A,980,4
2026-01-10,O1728,Goat,A,798,3
2026-01-10,O1395,Cow,A,175,9
2026-01-10,O3502,Goat,C,483,4
2026-01-11,O6486,Cow,A,198,9
2026-01-11,O6588,Cow,C,243,9
2026-01-11,O2062,Cow,A,141,7
2026-01-11,O7541,Sheep,B,232,3
2026-01-11,O6334,Cow,C,942,2
2026-01-11,O5846,Cow,B,591,1
2026-01-11,O2542,Goat,A,267,9
2026-01-12,O7938,Goat,B,616,5
2026-01-12,O6541,Sheep,A,932,6
2026-01-12,O9691,Cow,C,426,9
2026-01-12,O2324,Goat,C,886,6
2026-01-12,O5186,Goat,B,630,7
2026-01-12,O5268,Cow,B,319,4
2026-01-13,O4072,Sheep,A,447,9
2026-01-13,O2214,Cow,A,923,1
2026-01-13,O6029,Cow,B,157,5
2026-01-13,O5175,Goat,A,302,5
2026-01-13,O7190,Cow,A,625,1
2026-01-13,O9053,Sheep,C,111,8
2026-01-13,O9549,Cow,B,447,4
2026-01-13,O4719,Goat,B,639,5
2026-01-13,O5835,Sheep,B,244,9
2026-01-13,O7132,Cow,A,657,3
2026-01-13,O4324,Goat,B,982,5
2026-01-13,O2838,Cow,B,109,8
2026-01-14,O8418,Cow,A,218,8
2026-01-14,O3193,Sheep,A,878,5
2026-01-14,O8449,Sheep,A,953,1
2026-01-14,O5000,Goat,A,198,1
2026-01-14,O1404,Sheep,B,575,1
2026-01-14,O6989,Sheep,A,122,5
2026-01-15,O5809,Goat,C,244,5
2026-01-15,O8245,Cow,B,100,3
2026-01-15,O5780,Cow,B,548,1
2026-01-15,O4419,Sheep,C,253,2
2026-01-15,O1770,Sheep,B,367,1
2026-01-15,O2077,Cow,B,833,9
2026-01-15,O7544,Sheep,C,306,5
2026-01-15,O7996,Goat,B,174,3
2026-01-15,O7881,Goat,B,197,2
2026-01-16,O2331,Cow,B,580,8
2026-01-16,O6115,Goat,C,205,3
2026-01-16,O3180,Cow,B,283,1
2026-01-16,O6449,Cow,A,645,6
2026-01-16,O6569,Cow,B,846,3
2026-01-16,O7254,Cow,C,282,6
2026-01-16,O7031,Cow,C,963,3
2026-01-17,O7777,Sheep,C,888,5
2026-01-17,O6585,Goat,A,633,5
2026-01-17,O7981,Cow,A,332,2
2026-01-17,O8240,Goat,A,146,9
2026-01-17,O7493,Sheep,C,147,1
2026-01-17,O2276,Sheep,C,738,8
2026-01-18,O9717,Goat,C,177,8
2026-01-18,O1364,Goat,B,798,8
2026-01-18,O6126,Sheep,C,849,2
2026-01-18,O8673,Goat,C,982,9
2026-01-18,O6750,Cow,B,138,9
2026-01-18,O2296,Sheep,B,573,9
2026-01-18,O7288,Cow,A,679,3
2026-01-18,O1232,Cow,B,210,4
2026-01-18,O5206,Goat,B,722,8
2026-01-18,O7891,Sheep,B,524,5
2026-01-19,O3739,Goat,B,542,8
2026-01-19,O1876,Goat,A,476,1
2026-01-19,O2460,Goat,A,809,6
2026-01-19,O6622,Goat,C,545,8
2026-01-19,O9434,Sheep,A,647,8
2026-01-19,O6342,Goat,B,567,4
2026-01-19,O6966,Goat,B,980,8
2026-01-19,O6560,Goat,C,814,8
2026-01-19,O7316,Cow,B,509,6
2026-01-19,O9915,Cow,A,239,1
2026-01-20,O2828,Goat,C,610,4
2026-01-20,O7988,Sheep,C,772,6
2026-01-20,O1009,Cow,C,749,2
2026-01-20,O3060,Goat,A,418,5
2026-01-20,O3832,Cow,C,649,7
2026-01-20,O4490,Goat,C,916,5
2026-01-20,O1235,Goat,B,984,8
2026-01-20,O4530,Cow,B,687,3
2026-01-20,O3560,Goat,A,939,9
2026-01-20,O7413,Goat,C,824,5
2026-01-20,O3898,Sheep,B,509,4
2026-01-20,O1600,Cow,B,188,2
2026-01-20,O7943,Sheep,A,521,1
2026-01-20,O6142,Sheep,C,764,1
2026-01-21,O5033,Goat,A,715,8
2026-01-21,O5018,Sheep,C,297,6
2026-01-21,O2202,Goat,C,722,1
2026-01-21,O9669,Sheep,C,519,6
2026-01-21,O2120,Cow,A,510,7
2026-01-22,O6373,Goat,B,621,5
2026-01-22,O2865,Cow,B,905,4
2026-01-22,O7359,Sheep,A,747,5
2026-01-22,O3371,Cow,B,510,3
2026-01-22,O7898,Goat,C,382,5
2026-01-23,O7166,Sheep,B,401,8
2026-01-23,O1984,Cow,C,715,4
2026-01-23,O4876,Sheep,B,703,9
2026-01-23,O6109,Sheep,A,561,8
2026-01-23,O4368,Goat,C,506,1
2026-01-23,O6732,Cow,B,721,4
2026-01-23,O4030,Cow,A,930,6
2026-01-23,O5662,Sheep,C,760,9
2026-01-24,O9393,Cow,A,765,9
2026-01-24,O8970,Sheep,A,701,6
2026-01-24,O9577,Sheep,B,574,2
2026-01-24,O7490,Cow,C,975,3
2026-01-24,O2205,Cow,C,279,6
2026-01-24,O4572,Cow,A,384,6
2026-01-24,O3713,Goat,A,148,7
2026-01-24,O5944,Cow,A,247,6
2026-01-24,O9533,Sheep,A,459,1
2026-01-25,O2759,Cow,B,314,3
2026-01-25,O9058,Sheep,B,131,1
2026-01-25,O5524,Cow,B,243,8
2026-01-25,O8186,Goat,A,689,3
2026-01-25,O7645,Cow,B,321,6
2026-01-25,O5926,Cow,A,154,7
2026-01-25,O5873,Goat,C,977,2
2026-01-25,O4451,Cow,C,154,2
2026-01-25,O4462,Cow,A,412,7
2026-01-25,O6954,Sheep,C,866,8
2026-01-25,O8221,Cow,C,328,3
2026-01-26,O8776,Sheep,B,902,8
2026-01-26,O3538,Cow,B,568,7
2026-01-26,O1943,Goat,C,429,7
2026-01-26,O3198,Cow,C,723,3
2026-01-26,O2308,Goat,B,996,5
2026-01-26,O7035,Sheep,B,485,3
2026-01-26,O5566,Sheep,A,904,6
2026-01-27,O8083,Sheep,B,953,8
2026-01-27,O3679,Sheep,B,826,1
2026-01-27,O4186,Cow,B,620,8
2026-01-27,O5033,Cow,A,458,9
2026-01-27,O6877,Goat,C,593,4
2026-01-27,O7809,Goat,A,208,2
2026-01-27,O9996,Sheep,B,245,5
2026-01-27,O6475,Cow,B,133,1
2026-01-27,O6796,Cow,B,477,7
2026-01-27,O9041,Goat,A,126,9
2026-01-27,O1645,Sheep,B,367,9
2026-01-27,O9646,Goat,A,500,5
2026-01-27,O8643,Goat,B,657,2
2026-01-28,O2386,Cow,C,792,4
2026-01-28,O6490,Goat,A,248,8
2026-01-28,O8679,Cow,C,906,8
2026-01-28,O2333,Goat,C,722,8
2026-01-28,O5853,Goat,A,411,1
2026-01-28,O8715,Sheep,C,838,4
2026-01-28,O8101,Sheep,A,581,9
2026-01-28,O1153,Goat,A,172,9
2026-01-28,O3343,Cow,A,316,8
2026-01-28,O7185,Cow,C,902,3
2026-01-29,O2252,Sheep,B,201,2
2026-01-29,O7667,Sheep,A,143,1
2026-01-29,O4004,Cow,B,668,7
2026-01-29,O8982,Goat,C,875,5
2026-01-29,O2750,Cow,B,809,8
2026-01-29,O7609,Cow,C,670,9
2026-01-30,O9238,Goat,C,500,7
2026-01-30,O6913,Cow,B,349,7
2026-01-30,O5430,Cow,C,236,3
2026-01-30,O9007,Goat,C,826,2
2026-01-30,O4294,Goat,C,501,7
2026-01-30,O6392,Goat,C,251,3
2026-01-30,O3667,Cow,B,230,5
2026-01-30,O3983,Goat,C,463,7
2026-01-30,O8694,Cow,A,496,2
2026-01-30,O9684,Goat,B,549,7
2026-01-30,O9930,Goat,B,513,7
2026-01-30,O4810,Sheep,C,913,4
2026-01-30,O3032,Cow,B,344,9
2026-01-30,O1271,Sheep,A,365,9
2026-01-31,O5435,Cow,A,788,3
2026-01-31,O2165,Goat,B,423,2
2026-01-31,O5388,Cow,A,684,1
2026-01-31,O9056,Sheep,B,904,5
2026-01-31,O5805,Sheep,C,401,8
2026-01-31,O9202,Goat,A,325,9
2026-01-31,O8878,Sheep,A,674,6
2026-01-31,O4564,Goat,B,206,2
2026-01-31,O1824,Goat,A,852,3
2026-01-31,O4845,Cow,A,153,7
2026-01-31,O3736,Cow,C,119,1
2026-02-01,O3466,Goat,B,161,1
2026-02-01,O9194,Sheep,B,880,8
2026-02-01,O1892,Sheep,A,428,4
2026-02-01,O2933,Cow,B,366,9
2026-02-01,O8490,Sheep,A,748,3
2026-02-01,O6016,Goat,B,620,8
2026-02-01,O1954,Goat,C,137,8
2026-02-01,O6370,Cow,B,553,5
2026-02-01,O4020,Cow,A,692,2
2026-02-01,O1317,Cow,C,797,3
2026-02-01,O2591,Goat,C,848,1
2026-02-01,O5311,Sheep,A,670,9
2026-02-01,O7924,Sheep,A,444,5
2026-02-01,O5286,Sheep,B,799,7
2026-02-02,O1556,Goat,A,130,7
2026-02-02,O8561,Sheep,A,769,7
2026-02-02,O4998,Goat,B,817,7
2026-02-02,O6343,Cow,B,766,1
2026-02-02,O3064,Sheep,B,799,8
2026-02-02,O2007,Goat,C,513,7
2026-02-02,O6352,Goat,C,511,5
2026-02-02,O6084,Goat,B,423,1
2026-02-02,O9073,Goat,A,121,8
2026-02-03,O3353,Goat,C,384,4
2026-02-03,O9954,Sheep,A,559,7
2026-02-03,O9220,Sheep,A,745,3
2026-02-03,O4356,Cow,C,496,9
2026-02-03,O1038,Sheep,C,896,4
2026-02-03,O2823,Goat,C,183,6
2026-02-04,O3896,Goat,A,120,5
2026-02-04,O5179,Goat,C,552,3
2026-02-04,O6626,Cow,B,991,6
2026-02-04,O4598,Goat,A,262,1
2026-02-04,O9984,Goat,C,591,8
2026-02-04,O6179,Goat,A,756,5
2026-02-04,O9711,Sheep,C,785,2
2026-02-05,O7342,Sheep,A,792,8
2026-02-05,O5473,Sheep,B,626,9
2026-02-05,O2875,Cow,B,930,6
2026-02-05,O6109,Cow,A,485,8
2026-02-05,O1583,Sheep,A,820,8
2026-02-05,O9465,Goat,B,465,6
2026-02-05,O7154,Cow,A,900,6
2026-02-05,O4496,Sheep,B,790,8
2026-02-06,O7731,Cow,B,771,6
2026-02-06,O3720,Goat,B,964,2
2026-02-06,O7368,Cow,A,688,4
2026-02-06,O8833,Goat,C,293,6
2026-02-06,O8014,Goat,B,221,2
2026-02-06,O4041,Goat,C,527,1
2026-02-06,O2895,Sheep,A,734,6
2026-02-06,O3056,Goat,A,458,9
2026-02-06,O9907,Goat,B,183,7
2026-02-06,O1458,Goat,B,121,3
2026-02-06,O8294,Cow,B,113,2
2026-02-06,O8179,Sheep,A,636,3
2026-02-06,O4638,Goat,A,832,7
2026-02-07,O5790,Sheep,B,822,6
2026-02-07,O5644,Cow,C,742,3
2026-02-07,O7236,Goat,C,306,1
2026-02-07,O8005,Cow,C,123,4
2026-02-07,O4453,Goat,A,707,9
2026-02-07,O7563,Goat,A,965,4
2026-02-07,O2394,Goat,B,736,3
2026-02-07,O1529,Cow,C,836,3
2026-02-07,O4591,Goat,C,397,2
2026-02-08,O5648,Goat,B,927,8
2026-02-08,O3278,Cow,B,842,6
2026-02-08,O4216,Sheep,A,127,2
2026-02-08,O5356,Sheep,A,523,8
2026-02-08,O8062,Sheep,C,494,3
2026-02-08,O1629,Goat,B,704,9
2026-02-08,O7276,Sheep,A,412,6
2026-02-08,O7099,Cow,C,786,5
2026-02-08,O4568,Sheep,C,719,4
2026-02-08,O4953,Goat,B,610,5
2026-02-08,O1281,Cow,A,218,3
2026-02-09,O6178,Cow,A,790,4
2026-02-09,O3740,Goat,C,910,2
2026-02-09,O8473,Cow,A,138,8
2026-02-09,O7638,Sheep,B,527,6
2026-02-09,O7294,Goat,A,407,2
2026-02-09,O1891,Sheep,B,440,1
2026-02-09,O7812,Goat,A,594,6
2026-02-09,O2198,Goat,A,410,7
2026-02-09,O7089,Goat,B,244,8
2026-02-09,O1302,Cow,C,939,9
2026-02-10,O4072,Sheep,C,753,5
2026-02-10,O9125,Goat,B,803,6
2026-02-10,O1574,Cow,A,780,9
2026-02-10,O7924,Cow,A,688,9
2026-02-10,O8114,Goat,A,201,4
2026-02-10,O5114,Goat,B,693,9
2026-02-10,O2388,Sheep,A,443,6
2026-02-10,O1454,Cow,A,754,1
2026-02-11,O5806,Sheep,A,927,9
2026-02-11,O2440,Cow,A,390,6
2026-02-11,O8010,Goat,B,941,2
2026-02-11,O3989,Cow,C,184,8
2026-02-11,O3863,Goat,B,728,9
2026-02-11,O1011,Cow,B,403,5
2026-02-11,O9234,Sheep,B,913,2
2026-02-11,O7570,Cow,A,506,7
2026-02-11,O5431,Sheep,A,223,9
2026-02-11,O9906,Sheep,C,423,5
2026-02-11,O1140,Goat,C,901,4
2026-02-11,O8151,Cow,B,638,3
2026-02-11,O8311,Goat,B,757,2
2026-02-11,O7787,Goat,A,449,7
2026-02-12,O8052,Sheep,C,411,1
2026-02-12,O9105,Cow,B,135,4
2026-02-12,O2798,Goat,A,271,8
2026-02-12,O7284,Sheep,B,217,5
2026-02-12,O7869,Cow,B,620,8
2026-02-12,O6752,Cow,B,683,8
2026-02-12,O5815,Cow,B,958,5
2026-02-12,O6699,Goat,C,711,7
2026-02-12,O4273,Cow,B,775,1
2026-02-12,O1482,Goat,A,730,5
2026-02-12,O9853,Cow,C,518,7
2026-02-12,O8327,Sheep,B,689,9
2026-02-12,O8421,Cow,B,419,3
2026-02-12,O5358,Cow,B,934,6
2026-02-13,O7602,Sheep,B,630,4
2026-02-13,O2241,Goat,B,387,7
2026-02-13,O7764,Goat,A,452,4
2026-02-13,O1072,Cow,C,169,9
2026-02-13,O1707,Cow,A,927,2
2026-02-13,O6051,Cow,C,259,5
2026-02-13,O8397,Goat,C,911,3
2026-02-13,O9533,Goat,B,826,2
2026-02-13,O4874,Goat,C,897,4
2026-02-13,O1661,Goat,A,944,9
2026-02-13,O1207,Goat,B,769,9
2026-02-14,O4083,Cow,C,755,7
2026-02-14,O5443,Sheep,B,616,4
2026-02-14,O9555,Cow,A,385,5
2026-02-14,O5037,Goat,B,555,7
2026-02-14,O5895,Cow,A,883,6
2026-02-14,O3785,Cow,B,903,1
2026-02-14,O6782,Goat,A,677,9
2026-02-14,O1340,Goat,C,860,9
2026-02-14,O3496,Sheep,C,279,7
2026-02-14,O2689,Goat,C,361,3
2026-02-14,O9597,Sheep,C,441,5
2026-02-15,O5107,Sheep,A,141,6
2026-02-15,O9785,Cow,C,257,8
2026-02-15,O8629,Goat,C,947,7
2026-02-15,O8693,Cow,C,504,3
2026-02-15,O7721,Sheep,B,565,4
2026-02-15,O7097,Goat,A,892,6
2026-02-15,O5259,Sheep,B,932,6
2026-02-15,O9429,Cow,C,582,9
2026-02-16,O2048,Cow,A,581,8
2026-02-16,O3964,Goat,A,178,4
2026-02-16,O8340,Cow,C,945,4
2026-02-16,O6777,Cow,C,489,2
2026-02-16,O6179,Sheep,C,386,3
2026-02-16,O7488,Goat,B,878,2
2026-02-16,O6175,Sheep,A,182,9
2026-02-16,O6448,Goat,B,982,7
2026-02-16,O9591,Cow,C,651,1
2026-02-16,O2382,Cow,B,330,2
2026-02-17,O8870,Goat,A,582,7
2026-02-17,O2549,Sheep,A,697,5
2026-02-17,O5481,Goat,C,504,6
2026-02-17,O5837,Sheep,A,749,7
2026-02-17,O8993,Sheep,A,164,5
2026-02-17,O9433,Cow,A,792,2
2026-02-17,O5268,Cow,C,596,5
2026-02-17,O3355,Sheep,A,893,4
2026-02-17,O9737,Goat,C,844,4
2026-02-18,O7164,Goat,A,724,9
2026-02-18,O1016,Cow,A,228,2
2026-02-18,O1571,Cow,A,109,2
2026-02-18,O4897,Cow,C,858,2
2026-02-18,O1775,Sheep,B,299,1
2026-02-18,O1078,Cow,C,955,3
2026-02-18,O8083,Cow,C,200,8
2026-02-18,O5940,Cow,C,142,1
2026-02-18,O8788,Sheep,C,763,1
2026-02-18,O2668,Cow,B,465,4
2026-02-19,O6330,Sheep,C,639,3
2026-02-19,O9964,Goat,B,451,8
2026-02-19,O6439,Goat,B,722,1
2026-02-19,O2246,Cow,A,562,2
2026-02-19,O2827,Goat,B,716,9
2026-02-19,O9569,Sheep,B,866,2
2026-02-19,O3196,Sheep,B,473,5
2026-02-19,O7303,Sheep,B,622,1
2026-02-20,O8569,Sheep,A,764,8
2026-02-20,O6946,Goat,B,725,6
2026-02-20,O3461,Cow,C,785,1
2026-02-20,O8031,Cow,C,221,7
2026-02-20,O1038,Cow,A,629,5
2026-02-20,O8165,Cow,B,401,8
2026-02-20,O7381,Sheep,C,335,6
2026-02-20,O9853,Sheep,A,633,2
2026-02-20,O5558,Sheep,B,706,3
2026-02-20,O5183,Cow,B,782,5
2026-02-20,O2724,Cow,C,802,6
2026-02-20,O3066,Sheep,A,129,7
2026-02-21,O8295,Cow,C,235,8
2026-02-21,O7272,Cow,C,548,4
2026-02-21,O6343,Goat,B,590,9
2026-02-21,O4081,Cow,B,330,2
2026-02-21,O3159,Cow,A,599,4
2026-02-21,O3649,Goat,B,111,1
2026-02-21,O2037,Cow,B,536,9
2026-02-21,O3634,Sheep,C,169,8
2026-02-21,O8378,Cow,B,231,4
2026-02-21,O2929,Goat,C,253,5
2026-02-21,O8909,Cow,B,970,5
2026-02-21,O6891,Cow,A,119,1
2026-02-21,O3563,Cow,B,614,8
2026-02-22,O5431,Goat,C,599,4
2026-02-22,O4959,Goat,B,769,2
2026-02-22,O4390,Goat,C,505,8
2026-02-22,O1541,Goat,B,216,4
2026-02-22,O9623,Cow,B,282,1
2026-02-22,O2169,Sheep,A,862,9
2026-02-22,O2019,Goat,A,260,1
2026-02-22,O2283,Sheep,C,498,6
2026-02-22,O3125,Sheep,C,236,5
2026-02-23,O9691,Cow,B,149,3
2026-02-23,O6068,Sheep,A,961,6
2026-02-23,O3757,Cow,C,976,3
2026-02-23,O7900,Sheep,B,646,3
2026-02-23,O8999,Cow,A,173,5
2026-02-23,O4331,Goat,C,394,2
2026-02-23,O3978,Cow,A,711,6
2026-02-23,O1685,Cow,C,695,8
2026-02-23,O7868,Goat,B,513,6
2026-02-23,O5998,Sheep,C,319,8
2026-02-23,O1905,Goat,C,717,9
2026-02-23,O1204,Goat,A,912,4
2026-02-23,O3643,Goat,B,974,9
2026-02-24,O1689,Cow,C,618,6
2026-02-24,O1671,Sheep,C,298,5
2026-02-24,O2449,Goat,B,412,5
2026-02-24,O3361,Cow,B,680,3
2026-02-24,O4670,Goat,A,404,3
2026-02-24,O9562,Cow,A,483,9
2026-02-24,O7588,Cow,A,277,5
2026-02-24,O8875,Sheep,B,426,6
2026-02-24,O4062,Cow,A,763,2
2026-02-25,O3090,Cow,C,697,1
2026-02-25,O5624,Goat,B,593,6
2026-02-25,O4648,Goat,A,616,2
2026-02-25,O4137,Goat,B,243,3
2026-02-25,O4750,Goat,C,393,3
2026-02-25,O2727,Sheep,C,660,7
2026-02-25,O3324,Goat,C,167,4
2026-02-25,O6774,Cow,C,825,4
2026-02-25,O1781,Sheep,A,779,1
2026-02-25,O3113,Cow,B,998,8
2026-02-25,O8264,Goat,C,873,7
2026-02-25,O7744,Sheep,B,526,3
2026-02-25,O7852,Sheep,C,603,8
2026-02-25,O9087,Cow,A,696,8
2026-02-26,O6000,Sheep,C,337,8
2026-02-26,O7971,Goat,B,874,3
2026-02-26,O1258,Sheep,B,974,8
2026-02-26,O7629,Cow,A,619,5
2026-02-26,O1687,Sheep,A,359,6
2026-02-26,O7509,Goat,C,643,9
2026-02-26,O8183,Cow,C,208,7
2026-02-26,O6108,Cow,B,368,2
2026-02-26,O2283,Goat,B,834,7
2026-02-26,O4711,Sheep,A,636,3
2026-02-26,O4864,Goat,B,481,5
2026-02-27,O1264,Goat,B,745,3
2026-02-27,O8544,Sheep,B,463,9
2026-02-27,O1587,Goat,B,376,8
2026-02-27,O9381,Cow,A,774,4
2026-02-27,O7450,Sheep,B,413,9
2026-02-27,O3326,Goat,A,936,3
2026-02-27,O9915,Cow,B,165,3
2026-02-28,O1155,Sheep,C,553,9
2026-02-28,O6779,Cow,C,954,3
2026-02-28,O7659,Goat,A,914,6
2026-02-28,O8358,Cow,C,412,5
2026-02-28,O1948,Goat,B,559,1
2026-02-28,O5646,Cow,C,863,2
2026-02-28,O2138,Cow,B,350,7
2026-02-28,O4674,Goat,B,649,4
2026-02-28,O5596,Goat,C,758,4
2026-02-28,O9472,Goat,B,713,7
2026-02-28,O5757,Cow,C,721,3
2026-02-28,O3946,Goat,C,812,4
2026-03-01,O8230,Cow,C,735,7
2026-03-01,O2531,Sheep,C,497,8
2026-03-01,O1933,Cow,A,775,8
2026-03-01,O1285,Cow,A,475,4
2026-03-01,O2762,Cow,C,433,9
2026-03-01,O6827,Sheep,B,972,6
2026-03-01,O4198,Sheep,C,115,1
2026-03-01,O3479,Goat,C,878,2
2026-03-01,O2492,Sheep,A,424,4
2026-03-01,O8851,Cow,A,300,9
2026-03-01,O5577,Cow,A,442,8
2026-03-02,O7317,Sheep,C,972,3
2026-03-02,O7748,Goat,A,918,6
2026-03-02,O4740,Sheep,C,554,4
2026-03-02,O6525,Cow,C,953,2
2026-03-02,O3007,Goat,C,460,1
2026-03-02,O5005,Goat,B,764,2
2026-03-02,O7716,Goat,B,382,8
2026-03-02,O4451,Goat,A,540,1
2026-03-02,O9333,Sheep,A,951,8
2026-03-02,O6808,Cow,A,148,1
2026-03-03,O5650,Cow,B,906,5
2026-03-03,O4828,Cow,B,717,6
2026-03-03,O7376,Cow,A,916,9
2026-03-03,O1855,Cow,C,670,7
2026-03-03,O1182,Cow,C,496,3
2026-03-03,O6002,Cow,C,657,1
2026-03-03,O9210,Cow,A,208,1
2026-03-03,O7246,Goat,A,619,9
2026-03-03,O9365,Sheep,B,530,7
2026-03-03,O4760,Sheep,B,757,2
2026-03-03,O6443,Goat,A,738,4
2026-03-03,O1593,Cow,C,850,8
2026-03-04,O4808,Goat,C,754,9
2026-03-04,O6889,Sheep,A,204,2
2026-03-04,O2842,Sheep,A,365,2
2026-03-04,O5658,Goat,A,476,7
2026-03-04,O1770,Goat,C,728,2
2026-03-04,O2628,Goat,C,449,8
2026-03-04,O7401,Cow,A,367,3
2026-03-04,O3282,Cow,C,912,5
2026-03-05,O5669,Cow,C,322,9
2026-03-05,O8446,Cow,B,895,5
2026-03-05,O2130,Goat,C,528,7
2026-03-05,O3120,Cow,B,733,2
2026-03-05,O2823,Sheep,C,255,9
2026-03-05,O4134,Sheep,C,659,9
2026-03-05,O2141,Cow,C,389,8
2026-03-05,O8835,Cow,C,295,5
2026-03-05,O5928,Cow,C,247,3
2026-03-06,O8611,Goat,C,526,1
2026-03-06,O2829,Cow,B,787,4
2026-03-06,O2054,Cow,A,533,5
2026-03-06,O8069,Sheep,C,174,4
2026-03-06,O8833,Sheep,B,462,3
2026-03-06,O3309,Sheep,A,344,5
2026-03-06,O3169,Cow,A,269,5
2026-03-06,O7789,Goat,A,468,4
2026-03-06,O2936,Cow,B,167,5
2026-03-06,O4236,Cow,A,773,6
2026-03-06,O5916,Sheep,C,998,2
2026-03-06,O2439,Cow,C,861,1
2026-03-06,O1340,Goat,C,632,7
2026-03-06,O5931,Sheep,A,703,8
2026-03-07,O6004,Sheep,B,238,4
2026-03-07,O7652,Cow,C,863,2
2026-03-07,O3151,Goat,A,763,3
2026-03-07,O3567,Cow,A,712,4
2026-03-07,O4730,Sheep,C,216,2
2026-03-07,O9458,Goat,A,658,6
2026-03-07,O7538,Sheep,A,283,4
2026-03-08,O1557,Goat,B,628,3
2026-03-08,O5761,Goat,C,794,4
2026-03-08,O8269,Sheep,A,315,7
2026-03-08,O5494,Sheep,C,803,9
2026-03-08,O7642,Goat,A,790,5
2026-03-08,O4802,Goat,C,786,4
2026-03-08,O1364,Sheep,C,428,8
2026-03-08,O1115,Cow,A,436,1
2026-03-08,O4935,Sheep,C,905,3
2026-03-08,O3490,Cow,A,593,7
2026-03-08,O3767,Goat,B,448,6
2026-03-08,O5778,Sheep,B,909,5
2026-03-08,O2999,Goat,A,763,3
2026-03-09,O5152,Goat,C,262,3
2026-03-09,O8537,Goat,A,587,7
2026-03-09,O9733,Sheep,C,164,4
2026-03-09,O1024,Cow,A,648,8
2026-03-09,O9068,Cow,C,356,4
2026-03-09,O4175,Sheep,A,901,4
2026-03-09,O9605,Sheep,B,174,3
2026-03-09,O4655,Sheep,B,287,2
2026-03-09,O3092,Cow,C,222,6
2026-03-09,O6647,Goat,A,474,2
2026-03-09,O8913,Goat,B,549,8
2026-03-09,O3555,Goat,C,550,8
2026-03-10,O5727,Goat,C,126,6
2026-03-10,O3780,Sheep,A,906,1
2026-03-10,O6789,Cow,A,632,3
2026-03-10,O8480,Cow,B,130,1
2026-03-10,O1182,Sheep,B,173,4
2026-03-10,O6575,Goat,B,113,2
2026-03-10,O7555,Goat,A,507,6
2026-03-10,O7846,Cow,C,570,8
2026-03-10,O6585,Sheep,C,389,2
2026-03-10,O8927,Goat,C,174,9
2026-03-10,O8758,Cow,C,340,2
2026-03-11,O7352,Sheep,B,875,9
2026-03-11,O3437,Cow,A,931,9
2026-03-11,O3624,Sheep,C,236,2
2026-03-11,O5523,Goat,C,918,3
2026-03-11,O3224,Goat,C,520,1
2026-03-11,O9662,Goat,A,927,9
2026-03-11,O8094,Goat,C,122,5
2026-03-11,O1234,Cow,A,635,1
2026-03-11,O5888,Goat,A,632,4
2026-03-11,O8122,Sheep,A,909,1
2026-03-12,O6621,Sheep,A,454,2
2026-03-12,O8935,Goat,C,335,9
2026-03-12,O6574,Cow,A,309,5
2026-03-12,O9588,Sheep,B,627,9
2026-03-12,O5424,Goat,C,921,8
2026-03-12,O3005,Cow,A,954,2
2026-03-12,O4976,Sheep,B,102,6
2026-03-12,O4220,Goat,B,164,4
2026-03-12,O1234,Sheep,A,412,1
2026-03-13,O2673,Cow,C,152,5
2026-03-13,O4173,Goat,B,948,4
2026-03-13,O5493,Goat,C,486,6
2026-03-13,O3064,Goat,A,270,9
2026-03-13,O9931,Goat,B,329,1
2026-03-13,O4923,Sheep,C,564,8
2026-03-13,O3745,Sheep,B,792,9
2026-03-13,O5063,Cow,A,132,7
2026-03-13,O5025,Sheep,A,737,5
2026-03-13,O5579,Cow,C,327,3
2026-03-14,O3207,Sheep,A,828,8
2026-03-14,O9835,Sheep,A,588,2
2026-03-14,O6345,Cow,C,223,7
2026-03-14,O9707,Goat,A,730,5
2026-03-14,O7683,Goat,A,628,7
2026-03-14,O1025,Cow,B,606,3
2026-03-14,O7410,Cow,A,555,8
2026-03-14,O6102,Sheep,C,590,1
2026-03-14,O2072,Sheep,B,315,6
2026-03-14,O3606,Sheep,A,785,2
2026-03-14,O8763,Cow,C,347,6
2026-03-14,O2696,Goat,B,837,5
2026-03-14,O8557,Goat,B,697,2
2026-03-15,O2932,Sheep,B,102,6
2026-03-15,O2116,Cow,C,719,1
2026-03-15,O8888,Sheep,A,149,6
2026-03-15,O3743,Sheep,B,545,9
2026-03-15,O6451,Sheep,A,700,2
2026-03-15,O8186,Sheep,C,969,6
2026-03-15,O1619,Sheep,A,670,2
2026-03-15,O2296,Sheep,C,344,2
2026-03-15,O1929,Sheep,A,461,8
2026-03-15,O4423,Sheep,B,932,7
2026-03-15,O4667,Goat,B,192,6
2026-03-15,O3468,Goat,A,611,5
2026-03-15,O3217,Goat,C,555,6
2026-03-15,O5444,Sheep,A,272,4
2026-03-16,O8927,Sheep,C,645,3
2026-03-16,O3176,Cow,A,426,1
2026-03-16,O3451,Cow,B,774,3
2026-03-16,O4696,Sheep,C,957,1
2026-03-16,O5369,Cow,A,792,2
2026-03-16,O4008,Goat,A,157,4
2026-03-16,O4699,Sheep,B,414,9
2026-03-16,O5200,Cow,B,292,1
2026-03-16,O2772,Cow,A,679,5
2026-03-16,O8423,Sheep,C,760,3
2026-03-16,O2132,Sheep,C,426,8
2026-03-16,O8812,Cow,B,231,7
2026-03-16,O9275,Sheep,B,727,8
2026-03-17,O1614,Goat,B,604,4
2026-03-17,O1270,Sheep,A,996,3
2026-03-17,O4607,Goat,C,389,9
2026-03-17,O7614,Cow,C,976,5
2026-03-17,O5958,Goat,A,929,9
2026-03-17,O1824,Cow,A,799,6
2026-03-17,O6445,Cow,A,749,8
2026-03-17,O7534,Sheep,B,184,4
2026-03-17,O6634,Sheep,B,914,4
2026-03-17,O4109,Sheep,C,519,9
2026-03-17,O7028,Sheep,B,405,5
2026-03-17,O7680,Sheep,C,305,9
2026-03-17,O5591,Sheep,C,985,4
2026-03-18,O6141,Cow,B,760,8
2026-03-18,O9463,Sheep,C,898,2
2026-03-18,O9712,Cow,C,579,6
2026-03-18,O3832,Sheep,A,734,5
2026-03-18,O3800,Cow,C,828,3
2026-03-18,O2104,Cow,C,187,2
2026-03-18,O5199,Sheep,C,990,6
2026-03-18,O4072,Sheep,C,477,7
2026-03-18,O1508,Goat,A,692,2
2026-03-18,O1680,Cow,A,240,6
2026-03-18,O5357,Cow,C,436,1
2026-03-19,O5287,Cow,A,573,4
2026-03-19,O2567,Goat,A,950,4
2026-03-19,O4490,Goat,B,900,2
2026-03-19,O5796,Sheep,C,950,6
2026-03-19,O8032,Cow,A,267,3
2026-03-19,O3240,Cow,C,435,6
2026-03-19,O1999,Cow,B,582,3
2026-03-19,O3763,Sheep,C,557,9
2026-03-19,O4731,Sheep,C,613,8
2026-03-19,O4093,Sheep,A,939,7
2026-03-19,O4277,Sheep,C,725,7
2026-03-20,O5595,Cow,A,111,5
2026-03-20,O1139,Cow,B,196,5
2026-03-20,O7043,Goat,A,217,8
2026-03-20,O4104,Goat,B,979,9
2026-03-20,O1018,Goat,A,990,2
2026-03-20,O3606,Sheep,A,240,4
2026-03-20,O4765,Sheep,C,314,7
2026-03-21,O9319,Goat,A,859,4
2026-03-21,O8196,Goat,C,813,9
2026-03-21,O7361,Goat,A,301,1
2026-03-21,O1517,Goat,A,511,9
2026-03-21,O2988,Goat,B,567,9
2026-03-21,O4802,Cow,C,486,2
2026-03-21,O9399,Goat,B,265,6
2026-03-22,O2518,Goat,C,652,6
2026-03-22,O3195,Sheep,C,466,2
2026-03-22,O3849,Goat,C,233,9
2026-03-22,O8519,Goat,A,542,4
2026-03-22,O6178,Goat,A,551,1
2026-03-22,O3642,Goat,A,365,5
2026-03-22,O5757,Sheep,A,990,8
2026-03-22,O2813,Goat,B,124,1
2026-03-22,O5396,Sheep,A,236,4
2026-03-22,O1082,Cow,B,519,9
2026-03-22,O3093,Goat,B,275,6
2026-03-22,O5937,Goat,C,153,2
2026-03-22,O4490,Sheep,A,226,9
2026-03-22,O4676,Sheep,A,347,1
2026-03-23,O5017,Cow,C,468,5
2026-03-23,O9342,Sheep,C,674,1
2026-03-23,O7136,Goat,A,398,2
2026-03-23,O9252,Goat,C,929,1
2026-03-23,O5426,Goat,B,403,7
2026-03-23,O2361,Goat,C,374,4
2026-03-23,O8610,Sheep,A,603,3
2026-03-23,O2993,Goat,A,987,8
2026-03-23,O1690,Goat,B,820,9
2026-03-23,O8786,Cow,C,468,1
2026-03-23,O5744,Goat,C,952,2
2026-03-23,O9636,Goat,C,222,6
2026-03-23,O3041,Goat,C,648,2
2026-03-24,O1062,Goat,C,797,9
2026-03-24,O7915,Goat,C,672,6
2026-03-24,O9003,Sheep,A,922,3
2026-03-24,O9312,Cow,B,137,5
2026-03-24,O6103,Cow,A,813,5
2026-03-24,O1241,Sheep,C,720,4
2026-03-25,O1802,Cow,A,295,8
2026-03-25,O5841,Sheep,A,376,4
2026-03-25,O4927,Cow,A,410,7
2026-03-25,O7121,Cow,B,413,7
2026-03-25,O8024,Cow,A,236,6
2026-03-25,O3594,Sheep,B,524,6
2026-03-25,O1086,Cow,C,513,9
2026-03-26,O2700,Sheep,A,771,4
2026-03-26,O2647,Sheep,A,500,7
2026-03-26,O4687,Cow,B,584,6
2026-03-26,O5757,Goat,A,513,1
2026-03-26,O5733,Sheep,B,598,3
2026-03-26,O8178,Goat,C,346,6
2026-03-26,O1146,Goat,C,481,8
2026-03-26,O8751,Sheep,A,236,1
2026-03-26,O4005,Cow,C,294,8
2026-03-26,O7318,Goat,A,453,3
2026-03-27,O2920,Goat,A,338,1
2026-03-27,O5927,Cow,A,394,8
2026-03-27,O7160,Sheep,A,424,1
2026-03-27,O6126,Goat,A,202,5
2026-03-27,O1192,Cow,B,628,9
2026-03-27,O9442,Cow,C,306,5
2026-03-27,O4893,Cow,A,192,9
2026-03-27,O7773,Cow,C,817,3
2026-03-27,O1658,Goat,A,528,3
2026-03-27,O5234,Cow,B,641,9
2026-03-28,O7801,Sheep,B,835,8
2026-03-28,O3581,Goat,C,284,8
2026-03-28,O4406,Cow,A,784,2
2026-03-28,O7476,Cow,B,434,4
2026-03-28,O7079,Cow,C,845,3
2026-03-28,O1002,Goat,B,931,8
2026-03-28,O6626,Sheep,B,578,2
2026-03-28,O1670,Goat,A,603,9
2026-03-28,O6255,Cow,B,413,5
2026-03-28,O4439,Cow,B,906,4
2026-03-28,O4792,Sheep,A,310,7
2026-03-28,O4163,Cow,C,319,6
2026-03-29,O1990,Sheep,A,675,4
2026-03-29,O1489,Cow,A,569,6
2026-03-29,O3575,Sheep,A,139,2
2026-03-29,O2629,Goat,B,399,1
2026-03-29,O4801,Goat,B,495,3
2026-03-29,O1857,Sheep,B,417,1
2026-03-29,O1383,Goat,B,604,3
2026-03-29,O3725,Sheep,B,160,1
2026-03-29,O7111,Cow,B,721,4
2026-03-29,O8957,Goat,C,536,4
2026-03-29,O8647,Sheep,C,937,8
2026-03-29,O4940,Cow,A,776,6
2026-03-29,O2093,Cow,A,707,3
2026-03-29,O6710,Cow,B,789,6
2026-03-30,O3103,Goat,C,603,8
2026-03-30,O9092,Sheep,A,329,2
2026-03-30,O3378,Cow,B,992,6
2026-03-30,O3735,Sheep,C,898,3
2026-03-30,O5460,Sheep,C,450,1
2026-03-30,O3850,Sheep,C,598,6
2026-03-30,O7644,Sheep,B,265,8
2026-03-30,O9305,Cow,C,306,3
2026-03-30,O9706,Cow,A,224,3
2026-03-30,O1067,Cow,A,482,3
2026-03-30,O4521,Goat,A,764,4
2026-03-30,O3258,Sheep,C,721,2
2026-03-30,O7838,Cow,C,414,5
2026-03-31,O6780,Goat,B,212,4
2026-03-31,O8845,Cow,B,814,2
2026-03-31,O4226,Sheep,B,821,8
2026-03-31,O4716,Sheep,A,670,9
2026-03-31,O3505,Goat,C,932,7
2026-03-31,O8427,Cow,C,715,6
2026-03-31,O8086,Cow,A,529,2
2026-04-01,O5529,Cow,C,158,8
2026-04-01,O2141,Goat,B,742,8
2026-04-01,O9281,Goat,A,933,5
2026-04-01,O3789,Goat,B,637,8
2026-04-01,O7055,Sheep,B,759,8
2026-04-01,O8129,Goat,A,739,4
2026-04-01,O7582,Goat,B,846,7
2026-04-01,O1975,Cow,C,338,8
2026-04-02,O8382,Sheep,A,278,4
2026-04-02,O2257,Cow,C,322,7
2026-04-02,O8431,Sheep,C,984,4
2026-04-02,O6750,Cow,A,163,3
2026-04-02,O5589,Sheep,B,170,2
2026-04-02,O9954,Goat,B,827,4
2026-04-02,O7628,Sheep,A,737,9
2026-04-02,O9775,Sheep,C,209,8
2026-04-02,O1861,Goat,C,639,1
2026-04-03,O9828,Cow,A,893,6
2026-04-03,O6457,Goat,C,955,8
2026-04-03,O8542,Sheep,B,195,5
2026-04-03,O2289,Goat,C,211,7
2026-04-03,O4216,Cow,C,834,9
2026-04-03,O7324,Goat,A,889,9
2026-04-03,O1687,Goat,C,498,7
2026-04-03,O5774,Cow,A,131,9
2026-04-04,O8124,Goat,A,819,9
2026-04-04,O1446,Goat,C,543,7
2026-04-04,O1226,Goat,C,906,4
2026-04-04,O1186,Cow,B,587,1
2026-04-04,O3032,Cow,B,688,9
2026-04-04,O2881,Goat,C,409,4
2026-04-04,O7139,Sheep,A,944,6
2026-04-04,O4262,Goat,A,833,3
2026-04-04,O8579,Sheep,A,857,2
2026-04-04,O1719,Goat,A,521,8
2026-04-04,O3294,Goat,A,105,3
2026-04-04,O5482,Sheep,A,926,5
2026-04-05,O4416,Sheep,A,386,5
2026-04-05,O4558,Sheep,B,487,2
2026-04-05,O9112,Cow,A,580,1
2026-04-05,O1910,Cow,A,157,8
2026-04-05,O7129,Sheep,A,378,8
2026-04-05,O1314,Goat,C,798,7
2026-04-05,O9347,Cow,A,371,7
2026-04-05,O1721,Sheep,A,385,7
2026-04-06,O2756,Goat,B,437,5
2026-04-06,O2647,Sheep,A,566,4
2026-04-06,O1142,Cow,B,463,5
2026-04-06,O8069,Cow,A,407,9
2026-04-06,O2717,Sheep,A,143,3
2026-04-06,O4791,Cow,C,239,1
2026-04-07,O6048,Sheep,B,367,1
2026-04-07,O4303,Goat,B,982,7
2026-04-07,O8850,Sheep,A,580,5
2026-04-07,O4924,Sheep,B,441,2
2026-04-07,O9100,Cow,C,921,8
2026-04-07,O5322,Sheep,C,955,1
2026-04-07,O8282,Goat,C,203,3
2026-04-07,O5763,Sheep,A,105,3
2026-04-07,O2051,Goat,B,218,5
2026-04-07,O8538,Goat,B,276,4
2026-04-07,O3105,Cow,B,387,1
2026-04-07,O4176,Sheep,B,182,3
2026-04-07,O6869,Sheep,A,309,8
2026-04-08,O7603,Goat,B,591,9
2026-04-08,O1183,Sheep,C,753,9
2026-04-08,O8678,Goat,C,349,8
2026-04-08,O7653,Goat,B,172,4
2026-04-08,O9002,Cow,C,382,1
2026-04-09,O7305,Sheep,C,533,4
2026-04-09,O8299,Sheep,C,467,1
2026-04-09,O4672,Goat,B,998,5
2026-04-09,O6552,Goat,A,545,1
2026-04-09,O3341,Cow,C,349,4
2026-04-09,O1974,Goat,A,888,8
2026-04-09,O3672,Sheep,C,570,4
2026-04-10,O5059,Sheep,B,971,7
2026-04-10,O9383,Sheep,B,237,9
2026-04-10,O8347,Cow,C,302,5
2026-04-10,O7009,Cow,A,410,5
2026-04-10,O5538,Cow,B,960,5
2026-04-10,O1584,Sheep,B,548,8
2026-04-11,O6898,Sheep,B,816,8
2026-04-11,O7078,Cow,A,537,9
2026-04-11,O9806,Sheep,B,795,2
2026-04-11,O7686,Cow,A,538,6
2026-04-11,O5647,Cow,C,484,1
2026-04-11,O7837,Goat,A,434,1
2026-04-11,O5117,Goat,C,307,8
2026-04-12,O5624,Goat,B,752,1
2026-04-12,O1165,Cow,B,528,6
2026-04-12,O7509,Goat,C,171,6
2026-04-12,O4580,Sheep,A,852,5
2026-04-12,O2015,Sheep,B,808,6
2026-04-13,O8984,Sheep,A,125,5
2026-04-13,O1985,Goat,B,670,2
2026-04-13,O7289,Cow,A,625,7
2026-04-13,O8566,Sheep,C,590,3
2026-04-13,O8504,Sheep,C,711,3
2026-04-13,O9095,Goat,A,480,1
2026-04-13,O2073,Cow,C,899,4
2026-04-13,O2956,Sheep,C,935,8
2026-04-13,O9378,Goat,A,957,2
2026-04-13,O1757,Sheep,C,258,9
2026-04-13,O4558,Cow,B,875,7
2026-04-13,O4575,Sheep,C,224,9
2026-04-13,O8119,Sheep,B,557,6
2026-04-13,O9849,Goat,A,984,7
2026-04-14,O5266,Goat,A,762,5
2026-04-14,O9069,Goat,A,593,4
2026-04-14,O4164,Sheep,B,387,2
2026-04-14,O2447,Goat,A,840,4
2026-04-14,O3671,Sheep,C,934,1
2026-04-14,O8263,Sheep,A,908,3
2026-04-15,O1725,Goat,C,633,1
2026-04-15,O5051,Goat,C,878,3
2026-04-15,O8483,Sheep,B,324,2
2026-04-15,O2814,Goat,C,224,5
2026-04-15,O3931,Sheep,B,380,2
2026-04-15,O8415,Sheep,A,685,9
2026-04-15,O7782,Cow,A,433,3
2026-04-15,O9307,Goat,B,198,5
2026-04-15,O7548,Goat,A,602,1
2026-04-16,O7197,Sheep,C,883,1
2026-04-16,O6874,Goat,C,286,6
2026-04-16,O5586,Sheep,C,403,4
2026-04-16,O6877,Goat,B,926,8
2026-04-16,O2902,Sheep,B,674,8
2026-04-16,O3059,Cow,B,654,1
2026-04-17,O5471,Cow,A,189,4
2026-04-17,O3843,Goat,A,274,5
2026-04-17,O7543,Goat,B,170,4
2026-04-17,O4195,Cow,A,896,3
2026-04-17,O4982,Sheep,B,535,3
2026-04-18,O4092,Cow,C,410,4
2026-04-18,O9476,Cow,B,930,4
2026-04-18,O4969,Goat,B,967,3
2026-04-18,O5566,Goat,A,526,6
2026-04-18,O7364,Goat,C,940,7
2026-04-18,O7382,Sheep,A,247,9
2026-04-18,O2311,Goat,B,616,4
2026-04-18,O7781,Sheep,A,377,4
2026-04-18,O6929,Cow,B,706,7
2026-04-18,O5675,Sheep,B,577,3
2026-04-18,O6308,Sheep,C,706,5
2026-04-18,O1287,Goat,C,983,2
2026-04-18,O7337,Cow,B,522,5
2026-04-18,O1926,Sheep,A,986,5
2026-04-19,O4398,Goat,C,405,1
2026-04-19,O8392,Sheep,A,658,5
2026-04-19,O7761,Sheep,B,717,8
2026-04-19,O7553,Sheep,B,270,3
2026-04-19,O1011,Sheep,B,894,1
2026-04-19,O3229,Goat,A,755,2
2026-04-19,O3077,Goat,A,195,8
2026-04-19,O6856,Cow,A,473,5
2026-04-20,O2260,Goat,A,567,2
2026-04-20,O6672,Goat,B,700,2
2026-04-20,O7155,Cow,B,300,9
2026-04-20,O4809,Sheep,B,420,3
2026-04-20,O2409,Sheep,A,177,2
2026-04-20,O8452,Sheep,A,255,4
2026-04-20,O3172,Sheep,A,721,5
2026-04-20,O8825,Goat,B,227,6
2026-04-20,O7135,Goat,A,519,6
2026-04-20,O5535,Cow,A,263,4
2026-04-21,O9386,Sheep,A,222,5
2026-04-21,O6874,Goat,C,817,6
2026-04-21,O8148,Sheep,B,416,7
2026-04-21,O4629,Sheep,A,780,6
2026-04-21,O7638,Goat,A,208,4
2026-04-21,O7998,Sheep,B,946,1
2026-04-22,O8454,Sheep,A,575,3
2026-04-22,O6229,Goat,B,899,8
2026-04-22,O7394,Sheep,A,300,6
2026-04-22,O8774,Goat,B,936,9
2026-04-22,O9832,Sheep,C,665,8
2026-04-22,O5042,Cow,B,829,3
2026-04-22,O2581,Sheep,A,994,5
2026-04-22,O9320,Cow,B,951,6
2026-04-22,O5103,Cow,C,772,3
2026-04-23,O6594,Cow,A,778,4
2026-04-23,O1242,Goat,C,201,9
2026-04-23,O2499,Sheep,A,976,6
2026-04-23,O6162,Sheep,B,957,3
2026-04-23,O1298,Cow,A,119,8
2026-04-23,O5306,Sheep,C,879,7
2026-04-23,O2802,Goat,B,510,6
2026-04-24,O4346,Goat,B,983,6
2026-04-24,O9105,Cow,C,331,8
2026-04-24,O2466,Goat,C,475,7
2026-04-24,O5362,Sheep,A,423,9
2026-04-24,O8833,Goat,B,751,3
2026-04-24,O2652,Cow,B,920,8
2026-04-25,O9792,Cow,B,665,9
2026-04-25,O6599,Cow,C,465,6
2026-04-25,O8382,Cow,C,597,9
2026-04-25,O5633,Cow,B,640,3
2026-04-25,O8008,Goat,B,646,1
2026-04-25,O2773,Goat,A,784,8
2026-04-25,O1946,Goat,B,606,5
2026-04-25,O7719,Goat,B,521,7
2026-04-25,O7360,Goat,C,377,1
2026-04-25,O2192,Goat,B,540,7
2026-04-25,O6615,Cow,B,841,4
2026-04-25,O9864,Cow,A,287,2
2026-04-25,O2539,Cow,C,601,4
2026-04-26,O8345,Cow,A,390,8
2026-04-26,O1919,Sheep,B,855,9
2026-04-26,O6275,Cow,C,658,4
2026-04-26,O5516,Cow,C,403,7
2026-04-26,O4715,Goat,B,377,2
2026-04-27,O1692,Sheep,C,352,1
2026-04-27,O1441,Goat,C,189,6
2026-04-27,O5677,Goat,C,200,2
2026-04-27,O8933,Cow,B,860,1
2026-04-27,O7089,Cow,B,961,7
2026-04-27,O1904,Goat,A,943,7
2026-04-27,O2184,Sheep,B,216,2
2026-04-27,O6811,Sheep,A,271,6
2026-04-28,O3306,Sheep,C,821,6
2026-04-28,O6540,Goat,A,463,4
2026-04-28,O7748,Goat,B,271,6
2026-04-28,O4096,Sheep,A,184,7
2026-04-28,O6882,Sheep,B,778,3
2026-04-28,O9456,Goat,A,761,5
2026-04-29,O6673,Cow,C,429,7
2026-04-29,O4854,Sheep,A,222,3
2026-04-29,O3395,Cow,C,134,6
2026-04-29,O6515,Sheep,B,688,3
2026-04-29,O4138,Sheep,B,439,4
2026-04-29,O1556,Sheep,A,294,9
2026-04-29,O4899,Goat,A,426,7
2026-04-29,O5321,Cow,B,507,1
2026-04-29,O3313,Sheep,B,811,8
2026-04-29,O4440,Cow,B,111,9
2026-04-29,O2689,Goat,B,519,9
2026-04-30,O6649,Goat,A,654,2
2026-04-30,O2342,Cow,C,155,9
2026-04-30,O8235,Goat,A,422,8
2026-04-30,O6911,Sheep,B,528,5
2026-04-30,O2141,Goat,C,949,2
2026-04-30,O5041,Sheep,A,469,2
2026-04-30,O2784,Sheep,C,246,3
2026-04-30,O6428,Goat,B,113,6
2026-04-30,O5658,Sheep,C,825,7
2026-04-30,O8607,Goat,C,949,7
2026-04-30,O6979,Sheep,A,639,4
